1a1r_A|P27958|AC=BC	1a1r_C|O39914|AC=BC
1a6a_A|P01903|AC	1a6a_C|P04233|AC
1a6a_B|P01911|BC	1a6a_C|P04233|BC
1abo_A|P00520|AC	1abo_C|P55194|AC
1ao7_A|P04439|AC	1ao7_C|P14079|AC
1axc_A|P12004|AB	1axc_B|P38936|AB
1b8h_B|O80164|BD	1b8h_D|Q38087|BD
1be3_A|P31800|AK	1be3_K|P07552|AK
1be3_J|P00130|JK	1be3_K|P07552|JK
1bw8_A|P84092|AP	1bw8_P|A8IP97|AP
1cdk_A|P36887|AI	1cdk_I|P61926|AI
1cff_A|P0DP33|AB	1cff_B|P23634|AB
1cmx_C|P35127|CD	1cmx_D|P0CG48|CD
1cn3_A|P49302|AF=BF=DF=EF	1cn3_F|P12908|AF=BF=DF=EF
1cqg_A|P10599|AB	1cqg_B|P27695|AB
1czz_A|Q12933|AD	1czz_D|P25942|AD
1d01_D|Q12933|DG	1d01_G|P28908|DG
1d4t_A|O60880|AB	1d4t_B|Q13291|AB
1dpu_A|P15927|AB	1dpu_B|P13051|AB
1e91_A|Q62141|AB	1e91_B|Q05195|AB
1ed3_A|P16391|AC	1ed3_C|P05504|AC
1ee5_A|Q02821|AB	1ee5_B|P05221|AB
1ejl_I|P52293|IA	1ejl_A|P03070|IA
1f2s_E|P00760|EI	1f2s_I|P10295|EI
1f3j_A|P04228|AP	1f3j_P|P00698|AP
1f3j_B|Q31135|BP	1f3j_P|P00698|BP
1f4v_A|P0AE67|AD	1f4v_D|P06974|AD
1fo0_B|P04214|BP	1fo0_P|Q8CDD8|BP
1fo0_H|P01901|HP	1fo0_P|Q8CDD8|HP
1g3f_A|P98170|AB	1g3f_B|Q9NR28|AB
1g9i_E|P00760|EI	1g9i_I|P01062|EI
1gng_A|P49841|AX=BX	1gng_X|Q92837|AX=BX
1h25_B|P20248|BE	1h25_E|P06400|BE
1hr8_B|P10507|BO	1hr8_O|P04037|BO
1hr9_B|P10507|BO	1hr9_O|P17505|BO
1hv2_A|Q03071|AB	1hv2_B|P40338|AB
1i4o_A|P55210|AC	1i4o_C|P98170|AC
1i5h_W|Q62940|WB	1i5h_B|P37090|WB
1iq5_A|P0DP33|AB	1iq5_B|Q3Y416|AB
1isq_A|O73947|AB	1isq_B|Q9UWR2|AB
1jdp_A|P17342|AH=BH	1jdp_H|P23582|AH=BH
1jh4_A|P11940|AB	1jh4_B|Q9H074|AB
1jmq_A|P46937|AP	1jmq_P|Q96G27|AP
1jpl_A|Q9NZ52|AE	1jpl_E|P11717|AE
1jpw_A|P35222|AD	1jpw_D|Q9NQB0|AD
1k8d_A|P14429|AP	1k8d_P|P84099|AP
1kj2_H|P01901|HP	1kj2_P|O08582|HP
1kjv_A|Q95565|AP	1kjv_P|Q9JJP9|AP
1kkq_A|Q07869|AE	1kkq_E|Q9Y618|AE
1kpu_A|P01901|AP	1kpu_P|Q88992|AP
1kzz_A|Q13114|AB	1kzz_B|Q92844|AB
1l2z_A|O95400|AB	1l2z_B|P06729|AB
1l4a_A|P47194|AE	1l4a_E|Q95PA1|AE
1l4a_B|O46345|BE	1l4a_E|Q95PA1|BE
1l4w_A|P60615|AB	1l4w_B|P02711|AB
1lb5_A|Q9Y4K3|AB	1lb5_B|Q9Y6Q6|AB
1leg_A|P01901|AP	1leg_P|Q62425|AP
1m45_A|P53141|AB	1m45_B|P19524|AB
1mvu_A|Q6KB05|AP	1mvu_P|P21448|AP
1n59_A|P01901|AP	1n59_P|Q9QDK7|AP
1n5z_A|P80667|AP	1n5z_P|P53112|AP
1n6j_A|Q02080|AG=BG	1n6j_G|Q9Y6J0|AG=BG
1nb3_I|P01040|IP	1nb3_P|O46427|IP
1nrn_H|P00734|HR	1nrn_R|P25116|HR
1nwd_A|P0DP33|AB	1nwd_B|Q07346|AB
1nx0_A|P04574|AC	1nx0_C|P12675|AC
1o6k_A|P31751|AC	1o6k_C|P49841|AC
1o9a_A|P02751|AB	1o9a_B|Q53971|AB
1oj5_A|P70365|AB	1oj5_B|P42226|AB
1ol5_A|O14965|AB	1ol5_B|Q9ULW0|AB
1oqd_E|Q9Y275|EN=FN	1oqd_N|Q02223|EN=FN
1oqe_E|Q9Y275|EN=FN	1oqe_N|Q96RJ3|EN=FN
1ow6_A|Q05397|AD	1ow6_D|P49023|AD
1ozb_A|P44853|AI=BI	1ozb_I|P43803|AI=BI
1p4u_A|Q9NZ52|AB	1p4u_B|Q15276|AB
1pcx_A|P40482|AB	1pcx_B|P22804|AB
1pjn_B|P52293|BA	1pjn_A|P06180|BA
1ppe_E|P00760|EI	1ppe_I|P01074|EI
1q0w_B|P0CG63|BA	1q0w_A|P40343|BA
1q4q_G|Q24306|GK=IK	1q4q_K|Q9XYF4|GK=IK
1qls_A|P31950|AD	1qls_D|P04083|AD
1rdt_D|P37231|DE	1rdt_E|Q92793|DE
1rf3_A|Q13114|AB	1rf3_B|P36941|AB
1ry1_W|P14576|WS	1ry1_S|O62798|WS
1s6c_A|Q8R426|AB	1s6c_B|Q63881|AB
1s8d_A|P04439|AC	1s8d_C|O11818|AC
1s9w_A|P04439|AC	1s9w_C|P78358|AC
1sfi_A|P00760|AI	1sfi_I|Q4GWU5|AI
1ssh_A|P43603|AB	1ssh_B|P32790|AB
1sy9_A|P0DP33|AB	1sy9_B|Q03041|AB
1t01_A|P12003|AB	1t01_B|P26039|AB
1t3l_A|P54288|AB	1t3l_B|P07293|AB
1t5z_A|P10275|AB	1t5z_B|Q13772|AB
1tt5_B|Q8TBC4|BE	1tt5_E|P61081|BE
1ttw_A|Q7BTX0|AB	1ttw_B|Q93KQ4|AB
1tvb_A|P04439|AC	1tvb_C|P40967|AC
1un0_A|Q02821|AC	1un0_C|P32499|AC
1uti_A|O89100|AD	1uti_D|P70218|AD
1uxs_A|P01889|AC	1uxs_C|P13285|AC
1vf5_B|P83792|BG	1vf5_G|P83797|BG
1vf5_C|P83793|CG	1vf5_G|P83797|CG
1vf5_F|P83796|FG	1vf5_G|P83797|FG
1vzj_B|P22303|BI=CI=DI	1vzj_I|Q9Y215|BI=CI=DI
1w70_A|Q15080|AC	1w70_C|P14598|AC
1w80_A|P17427|AP	1w80_P|O43426|AP
1wa7_A|P07948|AB	1wa7_B|P22575|AB
1wbx_A|P01899|AC	1wbx_C|P26140|AC
1wlp_B|P14598|BA	1wlp_A|P13498|BA
1y19_B|P26039|BA=DA	1y19_A|O70161|BA=DA
1y2a_C|P52293|CP	1y2a_P|O15162|CP
1yfn_A|P0AFZ3|AE=CE	1yfn_E|P0AFX7|AE=CE
1yp0_A|P33242|AB	1yp0_B|P97947|AB
1yr5_A|P0DP23|AB	1yr5_B|P53355|AB
1yyp_A|P16790|AB	1yyp_B|P08546|AB
1z9o_A|Q9Z270|AG=CG	1z9o_G|Q8K4M9|AG=CG
1zhb_A|P01899|AC	1zhb_C|Q05754|AC
1zms_A|Q13114|AB	1zms_B|P13198|AB
1zub_A|Q9JIR4|AB	1zub_B|Q811U3|AB
1zuk_A|P47068|AC=BC	1zuk_C|Q12446|AC=BC
1zzd_A|P21524|AB	1zzd_B|P49723|AB
2a25_A|Q8IUQ4|AB	2a25_B|Q9HB71|AB
2a3z_A|P68135|AC	2a3z_C|P42768|AC
2a40_A|P68135|AC	2a40_C|Q9Y6W5|AC
2a4j_A|P41208|AB	2a4j_B|Q01831|AB
2a83_A|P01889|AC	2a83_C|P47871|AC
2ain_A|P55196|AB	2ain_B|P11274|AB
2auc_C|D0VWV5|CD	2auc_D|Q7RQ71|CD
2bbm_A|P62152|AB	2bbm_B|P07313|AB
2bn5_A|Q7JPS0|AB	2bn5_B|P17133|AB
2bp3_B|P21333|BS	2bp3_S|P07359|BS
2bp5_M|P84092|MP	2bp5_P|P51577|MP
2br8_A|Q8WSF8|AF=BF	2br8_F|P50984|AF=BF
2brq_A|P21333|AC	2brq_C|P26010|AC
2bst_A|P01889|AC	2bst_C|P03466|AC
2byp_A|Q8WSF8|AF=EF	2byp_F|P50983|AF=EF
2c5i_T|Q03322|TP	2c5i_P|P36116|TP
2cik_A|O19626|AC	2cik_C|P33260|AC
2clv_A|P01901|AC	2clv_C|Q91YE7|AC
2czy_A|Q62141|AB	2czy_B|Q13127|AB
2d1k_A|P68135|AC	2d1k_C|O43312|AC
2d1k_B|P00639|BC	2d1k_C|O43312|BC
2d2c_F|P83796|FH	2d2c_H|P83798|FH
2d3g_A|P0CH28|AP=BP	2d3g_P|O14964|AP=BP
2djy_A|Q9HAU4|AB	2djy_B|O15105|AB
2dp4_E|P06873|EI	2dp4_I|P02788|EI
2drk_A|P19706|AB	2drk_B|P90630|AB
2dyf_A|O75400|AB	2dyf_B|P47068|AB
2ez5_W|Q9VVI3|WP	2ez5_P|Q24139|WP
2f31_A|Q3US76|AB	2f31_B|O08808|AB
2ff6_A|P68135|AH	2ff6_H|Q8IRS7|AH
2fka_A|P0A2D5|AB	2fka_B|P07800|AB
2flu_X|Q14145|XP	2flu_P|Q16236|XP
2fo4_A|Q3UBW0|AP	2fo4_P|P15941|AP
2fop_A|Q93009|AB	2fop_B|Q00987|AB
2fot_A|P62157|AC	2fot_C|Q13813|AC
2fse_C|P01903|CF	2fse_F|P02458|CF
2gl7_A|P35222|AC	2gl7_C|O00512|AC
2gt9_A|P04439|AC	2gt9_C|Q16655|AC
2h1c_A|Q5F882|AB	2h1c_B|Q5F881|AB
2h4m_A|Q92973|AC	2h4m_C|P09651|AC
2hqh_A|Q14203|AE=BE	2hqh_E|P30622|AE=BE
2hqw_A|P0DP29|AB	2hqw_B|P35439|AB
2hsq_A|P18206|AB	2hsq_B|Q6XVZ2|AB
2hzs_F|P32585|FI	2hzs_I|P38304|FI
2i32_A|Q9Y294|AE	2i32_E|P54198|AE
2isq_A|P47998|AB	2isq_B|Q42588|AB
2iv9_A|P63010|AP=BP	2iv9_P|P42566|AP=BP
2ivz_A|P0A855|AE	2ivz_E|P09883|AE
2j0u_A|P38919|AT	2j0u_T|O15234|AT
2jby_A|Q85295|AB	2jby_B|Q16611|AB
2jdl_A|P09989|AC	2jdl_C|P05387|AC
2jk9_A|Q96BD6|AB	2jk9_B|Q96IZ0|AB
2jmx_A|P13621|AB	2jmx_B|P19483|AB
2jqk_A|O75351|AB	2jqk_B|Q9UQN3|AB
2jw1_A|P0A1X2|AB	2jw1_B|Q04641|AB
2jz3_C|P83940|CA	2jz3_A|O35718|CA
2k00_A|P54939|AB	2k00_B|Q8C351|AB
2k2f_A|P35467|AC	2k2f_C|B0LPN4|AC
2k2i_A|P41208|AB	2k2i_B|A8K8P3|AB
2k6q_A|Q62625|AB	2k6q_B|O08623|AB
2koh_A|Q99NH2|AB	2koh_B|P55284|AB
2kpz_A|P46934|AB	2kpz_B|P0C210|AB
2kq0_A|P46934|AB	2kq0_B|Q05128|AB
2kqs_A|P63165|AB	2kqs_B|Q9UER7|AB
2ks9_A|P25103|AB	2ks9_B|P20366|AB
2kwf_A|Q92793|AB	2kwf_B|P15884|AB
2l0y_A|Q8N4Q1|AB	2l0y_B|Q14061|AB
2l8j_A|Q9H0R8|AB	2l8j_B|Q14596|AB
2las_A|P63165|AB	2las_B|P49792|AB
2le8_A|Q14566|AB	2le8_B|Q9H211|AB
2leh_A|O14893|AB	2leh_B|Q16637|AB
2llo_A|P0DP33|AB	2llo_B|P03372|AB
2lox_A|P32776|AB	2lox_B|P07276|AB
2loz_A|Q63HR2|AB	2loz_B|Q96QB1|AB
2lp0_A|P31274|AB	2lp0_B|O75496|AB
2lsk_A|Q9UBZ9|AB	2lsk_B|Q9Y253|AB
2lxp_A|P60604|AB	2lxp_B|Q9UKV5|AB
2m14_A|P32776|AB	2m14_B|P14736|AB
2m41_B|P54253|BA	2m41_A|Q96RK0|BA
2mak_A|Q13586|AB=CB	2mak_B|Q96D31|AB=CB
2mc6_A|Q8LTJ5|AB	2mc6_B|Q8KTH8|AB
2mho_A|P31016|AB	2mho_B|P08909|AB
2mkc_A|P40565|AB	2mkc_B|Q07930|AB
2mow_A|P53617|AB	2mow_B|P53632|AB
2mp2_A|P55854|AC=BC	2mp2_C|Q9QZS2|AC=BC
2mtp_A|P21333|AB	2mtp_B|P08514|AB
2mtp_C|P05106|CB	2mtp_B|P08514|CB
2mwn_B|Q9Y490|BA	2mwn_A|Q7Z5R6|BA
2n0y_A|P32776|AB	2n0y_B|P21698|AB
2n2h_B|Q60520|BA	2n2h_A|Q8BR65|BA
2n3k_A|O60885|AB	2n3k_B|Q8UN00|AB
2n9x_A|Q9GZQ8|AB	2n9x_B|Q8IVP5|AB
2ncz_A|O60885|AB	2ncz_B|Q9BZ95|AB
2nnu_A|P03120|AB	2nnu_B|O60885|AB
2npi_A|Q08685|AC	2npi_C|P39081|AC
2nud_A|P13835|AC	2nud_C|Q8GYN5|AC
2od8_A|P15873|AB	2od8_B|P04819|AB
2oje_A|P01903|AC	2oje_C|Q91LS8|AC
2oje_B|P01911|BC	2oje_C|Q91LS8|BC
2oje_D|Q48898|DC	2oje_C|Q91LS8|DC
2os6_A|Q9NZN5|AB	2os6_B|O43157|AB
2p2t_A|Q24117|AC	2p2t_C|Q24246|AC
2p4r_A|O55043|AT	2p4r_T|Q96J02|AT
2phe_A|P53999|AC=BC	2phe_C|P06492|AC=BC
2pqn_A|P40515|AB	2pqn_B|P47025|AB
2pv1_A|P0ABZ6|AB	2pv1_B|Q2RHX9|AB
2pv9_B|P19221|BC	2pv9_C|O88634|BC
2q5d_B|Q14974|BD	2q5d_D|O95149|BD
2qiy_A|P53741|AC	2qiy_C|Q01477|AC
2qos_C|P07360|CA	2qos_A|P07357|CA
2rky_C|P02751|CB	2rky_B|P14738|CB
2rpn_A|P15891|AB	2rpn_B|P53974|AB
2vbc_A|Q2TN89|AB	2vbc_B|Q91EQ2|AB
2vda_A|P10408|AB	2vda_B|Q8CVI4|AB
2vj0_A|P17427|AQ	2vj0_Q|O08838|AQ
2vkn_A|P40073|AC	2vkn_C|P08018|AC
2vog_A|Q07440|AB	2vog_B|Q91ZE9|AB
2voi_A|Q07440|AB	2voi_B|P70444|AB
2w2h_A|Q9XT26|AC	2w2h_C|P20920|AC
2w2u_A|Q877H3|AC	2w2u_C|Q4J924|AC
2w6i_G|P05631|GI	2w6i_I|P05632|GI
2w84_A|O75381|AB	2w84_B|P50542|AB
2w9r_A|P0A8Q6|AB	2w9r_B|P0ABT2|AB
2wax_C|P26196|CD	2wax_D|Q96F86|CD
2wh0_A|P63104|AQ=BQ	2wh0_Q|Q02156|AQ=BQ
2ws9_3|Q91B37|34	2ws9_4|B9VV85|34
2ww9_A|P38353|AC	2ww9_C|P52871|AC
2x4r_A|P04439|AC	2x4r_C|P06725|AC
2xcb_A|Q9I325|AC	2xcb_C|O50280|AC
2xfx_A|Q30291|AC	2xfx_C|Q4MYJ2|AC
2xjz_A|P25791|AI=BI	2xjz_I|Q86U70|AI=BI
2xpn_A|Q8SUS7|AB	2xpn_B|Q8SRG7|AB
2xs8_A|Q8WUM4|AB	2xs8_B|Q02843|AB
2xu7_B|Q09028|BC	2xu7_C|Q8IX07|BC
2xze_A|O95630|AQ	2xze_Q|Q9Y3E7|AQ
2y48_A|O60341|AC	2y48_C|O95863|AC
2y9q_A|P28482|AB	2y9q_B|Q9BUB5|AB
2yb8_B|Q24572|BA	2yb8_A|Q9NJG9|BA
2ybf_A|P63146|AB	2ybf_B|Q9NS91|AB
2ydq_A|Q0TR53|AT	2ydq_T|O60502|AT
2z32_A|Q9Z2X8|AB	2z32_B|P26350|AB
2z34_A|O74515|AC=BC	2z34_C|P87314|AC=BC
2z3f_A|O74515|AI=HI	2z3f_I|O13985|AI=HI
2z5k_A|Q92973|AB	2z5k_B|Q9UBU9|AB
2zpy_A|P26043|AB	2zpy_B|P15379|AB
3a0b_J|Q7DGD4|JY	3a0b_Y|D0VWR3|JY
3a0b_K|P19054|KY	3a0b_Y|D0VWR3|KY
3a0b_Z|D0VWR5|ZY	3a0b_Y|D0VWR3|ZY
3a9k_A|P0CG50|AC=BC	3a9k_C|Q571K4|AC=BC
3aa1_B|P14315|BC	3aa1_C|Q53GL0|BC
3aa6_B|P14315|BC	3aa6_C|Q9Y5K6|BC
3am7_A|P06730|AB	3am7_B|Q13542|AB
3asw_A|Q7A382|AB	3asw_B|P13645|AB
3b1j_A|Q9R6W2|AC	3b1j_C|Q6BBK3|AC
3b23_B|P00734|BC	3b23_C|P85800|BC
3b8e_A|P05024|AG	3b8e_G|Q58K79|AG
3bg4_B|P00766|BA=CA	3bg4_A|P00767|BA=CA
3bim_A|P41182|AI=BI	3bim_I|Q6W2J9|AI=BI
3bin_A|Q9Y2J2|AB	3bin_B|Q9BY67|AB
3bqo_A|P54274|AB	3bqo_B|Q9BSI4|AB
3brd_A|V6CLJ5|AD	3brd_D|P14585|AD
3btp_A|P08062|AB	3btp_B|P08063|AB
3btr_C|P52293|CB	3btr_B|P10275|CB
3c2g_A|Q9XVI2|AC	3c2g_C|Q10666|AC
3cv0_A|Q57W55|AB	3cv0_B|P13377|AB
3dda_A|P0DPI1|AB	3dda_B|P60880|AB
3dkt_A|Q9WZP2|AK	3dkt_K|Q9WZP3|AK
3e6f_A|P01900|AP	3e6f_P|P05878|AP
3ech_B|P52003|BC	3ech_C|Q9HXS2|BC
3efo_B|O94855|BC	3efo_C|Q13190|BC
3eg9_B|O94855|BC	3eg9_C|O14653|BC
3eu7_A|Q86YC2|AX	3eu7_X|P51587|AX
3ewt_A|P0DP23|AE	3ewt_E|P25445|AE
3ewv_A|P0DP23|AE	3ewv_E|P08138|AE
3f7d_A|P33242|AB	3f7d_B|O70343|AB
3fp7_E|P00763|EI	3fp7_I|P00974|EI
3ggz_A|P53843|AE	3ggz_E|P69771|AE
3gjo_A|Q15691|AE=BE	3gjo_E|Q03001|AE=BE
3gli_B|P06710|BO=CO=DO	3gli_O|P28632|BO=CO=DO
3gp2_A|P62149|AB	3gp2_B|Q13557|AB
3gs2_A|Q99496|AD=CD	3gs2_D|O95931|AD=CD
3h52_B|P04150|BM	3h52_M|O75376|BM
3hqm_A|O43791|AC	3hqm_C|P19538|AC
3i7l_A|Q16531|AB	3i7l_B|Q92466|AB
3i7o_A|Q16531|AB	3i7o_B|Q58WW2|AB
3i89_A|Q16531|AB	3i89_B|Q96JK2|AB
3i8c_A|Q16531|AB	3i8c_B|Q8WV16|AB
3i8e_A|Q16531|AC	3i8e_C|Q5TAQ9|AC
3iax_A|P0A855|AB	3iax_B|P04480|AB
3ici_A|P23284|AC	3ici_C|E2RA18|AC
3iec_A|Q7KZI7|AE	3iec_E|P55980|AE
3jb6_A|D0EZK6|AC	3jb6_C|D3JWE6|AC
3kl8_A|O62305|AF=GF	3kl8_F|Q9JI15|AF=GF
3ktr_A|P11940|AB	3ktr_B|Q99700|AB
3kuj_A|P11940|AB	3kuj_B|Q8IYD1|AB
3l3h_A|P01899|AC	3l3h_C|Q17TI0|AC
3l3x_A|P10275|AB	3l3x_B|Q9Y6Q9|AB
3lcn_A|P32505|AC	3lcn_C|Q04839|AC
3lge_A|P00883|AE	3lge_E|Q9Y5X1|AE
3lny_A|Q12923|AB	3lny_B|Q8TEU7|AB
3m1f_A|P68135|AV	3m1f_V|Q87GE5|AV
3mre_A|P04439|AP	3mre_P|Q3KSU1|AP
3mrk_A|P04439|AP	3mrk_P|P02771|AP
3n2d_A|D9J2T9|AB	3n2d_B|P02400|AB
3n9z_A|P05108|AC	3n9z_C|P10109|AC
3ogk_B|O04197|BQ	3ogk_Q|Q9LMA8|BQ
3p87_A|P12004|AG=DG	3p87_G|Q5TBB1|AG=DG
3pe4_A|O15294|AB	3pe4_B|P68400|AB
3pmk_A|B7UCZ2|AO=DO	3pmk_O|B7UCZ3|AO=DO
3puj_A|P61765|AC	3puj_C|P70452|AC
3pwv_A|Q95477|AC	3pwv_C|Q9YKD7|AC
3q6s_A|P83916|AE=BE=CE	3q6s_E|Q5FBB7|AE=BE=CE
3qhe_A|P25054|AB	3qhe_B|Q07666|AB
3qib_A|P04224|AP	3qib_P|P00039|AP
3r9i_A|P0AEZ3|AE=BE	3r9i_E|P0A734|AE=BE
3rz9_A|P52293|AB	3rz9_B|P13010|AB
3si5_A|O60566|AX	3si5_X|Q8NG31|AX
3so6_A|D3ZAR1|AQ	3so6_Q|P01130|AQ
3soq_A|O75581|AZ	3soq_Z|O94907|AZ
3sp6_A|Q07869|AB	3sp6_B|Q86YN6|AB
3ssb_B|P00800|BJ	3ssb_J|P82176|BJ
3tdi_B|Q12395|BC	3tdi_C|P52491|BC
3tei_A|P28482|AB	3tei_B|Q15418|AB
3tie_A|P01901|AC	3tie_C|Q49PI7|AC
3tj5_A|P18206|AB	3tj5_B|B0BXR4|AB
3twr_A|Q9H2K2|AE=BE=DE	3twr_E|P78314|AE=BE=DE
3twu_A|Q9H2K2|AB	3twu_B|Q07820|AB
3u23_A|Q9Y5K6|AB	3u23_B|Q8TB24|AB
3u3w_A|Q45782|AP	3u3w_P|B7IR02|AP
3u7d_A|O00522|AB	3u7d_B|Q9ULI3|AB
3u86_A|O00255|AB	3u86_B|P17535|AB
3uo1_L|A2NHM3|LP	3uo1_P|P01897|LP
3uvo_A|P61964|AB	3uvo_B|Q9UPS6|AB
3v2o_A|Q9H9E1|AB	3v2o_B|P98158|AB
3v30_A|O14593|AB	3v30_B|P48382|AB
3ve6_A|P52293|AB	3ve6_B|P09592|AB
3viv_A|O59179|AC=BC	3viv_C|O59180|AC=BC
3vxw_A|P38182|AB	3vxw_B|P40458|AB
3w1b_A|P49917|AB	3w1b_B|Q96SD1|AB
3w3w_A|P32337|AB	3w3w_B|P13574|AB
3w3x_A|P32337|AB	3w3x_B|P07270|AB
3w3y_A|P32337|AB	3w3y_B|Q03790|AB
3wbk_A|P39730|AC	3wbk_C|P38912|AC
3wim_A|O95166|AB	3wim_B|Q8IZQ1|AB
3wut_A|Q53EZ4|AC=BC	3wut_C|Q8IWB6|AC=BC
3x11_A|P01889|AC	3x11_C|P01834|AC
3zed_A|P22173|AD	3zed_D|P05844|AD
3zhf_A|O75843|AB	3zhf_B|Q67953|AB
3zil_A|Q75E93|AB	3zil_B|Q75FB3|AB
3zke_A|P63167|AB=CB	3zke_B|Q8TD19|AB=CB
3zrz_A|P02751|AC	3zrz_C|Q711B0|AC
4a1s_B|Q9VB22|BE	4a1s_E|Q9W2R4|BE
4aa2_A|Q10714|AP	4aa2_P|P01021|AP
4aid_A|Q9AC32|AF	4aid_F|Q9A749|AF
4apo_B|O00170|BD	4apo_D|Q15388|BD
4axg_B|P48598|BD	4axg_D|Q9VMA3|BD
4b6h_A|Q9NPI6|AC	4b6h_C|Q9NPJ4|AC
4bxf_A|Q8IUF8|AC	4bxf_C|P46776|AC
4bxr_A|E7FCY1|AC	4bxr_C|Q8JGS1|AC
4c31_A|P46674|AC	4c31_C|P20676|AC
4c31_B|Q6WNK7|BC	4c31_C|P20676|BC
4c5h_A|Q9VK33|AB	4c5h_B|Q8ST83|AB
4c93_A|Q01454|AD	4c93_D|P13382|AD
4c95_A|Q01454|AD	4c95_D|Q03406|AD
4cay_A|P0C0S5|AC	4cay_C|Q9BTT0|AC
4cay_B|P06899|BC	4cay_C|Q9BTT0|BC
4cc3_A|Q6XZF7|AB	4cc3_B|Q03173|AB
4cc9_A|Q9Y4B6|AC	4cc9_C|Q9Y3Z3|AC
4cfh_B|O43741|BC	4cfh_C|P54645|BC
4cfh_E|P80385|EC	4cfh_C|P54645|EC
4cfq_A|P26447|AQ=BQ	4cfq_Q|P35579|AQ=BQ
4chg_A|P9WF97|AG=BG	4chg_G|P9WLM7|AG=BG
4cqo_A|A5YKK6|AB=CB	4cqo_B|Q8WY41|AB=CB
4cr2_R|Q06103|RY	4cr2_Y|O94742|RY
4cug_A|D0MK34|AE	4cug_E|D0MGW1|AE
4cvx_A|O46789|AC	4cvx_C|Q5ZJG4|AC
4cy2_A|P61964|AC	4cy2_C|Q9H9L4|AC
4cy5_A|Q9V3J8|AC	4cy5_C|Q9VAF4|AC
4d07_A|Q96FJ2|AB	4d07_B|Q9Y4I1|AB
4d2g_C|P12004|CD	4d2g_D|Q15004|CD
4day_A|Q9H9A7|AC	4day_C|Q8IYD8|AC
4dc2_A|Q62074|AZ	4dc2_Z|Q9Z340|AZ
4dt7_B|P00734|BE	4dt7_E|P04070|BE
4dx9_5|O14713|56	4dx9_6|P05556|56
4dxs_A|Q9UH99|AB	4dxs_B|Q8WXH0|AB
4e06_H|P00734|HI	4e06_I|Q9NJS1|HI
4e17_A|P12003|AB	4e17_B|P26231|AB
4e81_A|P0A6Y8|AC=BC	4e81_C|Q06602|AC=BC
4ezs_A|P0A6Y8|AB	4ezs_B|Q24395|AB
4ezt_A|P0A6Y8|AB	4ezt_B|P83427|AB
4faj_A|Q51643|AB	4faj_B|P20104|AB
4fdd_A|Q92973|AB	4fdd_B|P35637|AB
4fmn_A|P38920|AC	4fmn_C|Q08214|AC
4ftg_A|P60903|AE=BE	4ftg_E|Q09666|AE=BE
4g2v_A|Q8VDU0|AB	4g2v_B|Q5SYB0|AB
4gba_A|Q8IWE4|AF	4gba_F|Q969M7|AF
4gnt_A|Q9CQV8|AB	4gnt_B|Q99MZ3|AB
4gow_D|P0DP23|DA	4gow_A|P56696|DA
4gur_A|Q8NB78|AB	4gur_B|Q49A26|AB
4gxb_A|Q15036|AB	4gxb_B|Q01102|AB
4h2t_A|Q89VT8|AC	4h2t_C|Q89VT6|AC
4h36_A|P53779|AB	4h36_B|P15336|AB
4h3b_A|P53779|AB	4h3b_B|O60239|AB
4hre_A|P07356|AG	4hre_G|Q14527|AG
4hre_E|P60903|EG	4hre_G|Q14527|EG
4i2w_A|G5EG62|AB	4i2w_B|P09446|AB
4iga_A|Q56312|AB	4iga_B|Q9WZE6|AB
4j09_A|P0A722|AB	4j09_B|P39352|AB
4j2c_A|O43752|AB	4j2c_B|Q9UID3|AB
4j79_A|P41811|AB	4j79_B|Q91AV1|AB
4j86_A|P41811|AC	4j86_C|P33767|AC
4jhj_A|Q5EAQ1|AC=BC	4jhj_C|Q7ZU28|AC=BC
4jo8_A|Q6XK91|AB	4jo8_B|Q60682|AB
4js0_A|P60953|AB	4js0_B|Q9UQB8|AB
4jwc_A|P0A6Y8|AC	4jwc_C|P19661|AC
4k0u_A|Q01567|AB	4k0u_B|Q01565|AB
4kmd_A|Q9UMX1|AB	4kmd_B|P08151|AB
4kp3_A|Q99104|AE	4kp3_E|Q91V27|AE
4kts_A|P00760|AB	4kts_B|B2G3C8|AB
4kyt_A|P04191|AB	4kyt_B|P61012|AB
4lcd_A|P39940|AC	4lcd_C|P14359|AC
4lcy_A|P01889|AC	4lcy_C|P17763|AC
4lg6_A|Q9H9E1|AB	4lg6_B|Q9H0W5|AB
4ln2_A|Q9BX66|AB	4ln2_B|P18206|AB
4m1l_A|P0DP23|AB	4m1l_B|Q9H095|AB
4m7c_A|Q15554|AC	4m7c_C|Q8IY92|AC
4m92_A|Q13454|AB	4m92_B|Q9NZN1|AB
4mmy_A|P06756|AC	4mmy_C|P02751|AC
4mmy_B|P05106|BC	4mmy_C|P02751|BC
4n1a_A|D1A4G7|AG	4n1a_G|D1A4H0|AG
4n39_A|O15294|AB	4n39_B|P51610|AB
4n7g_A|P63104|AB	4n7g_B|Q93SQ3|AB
4n7h_A|P46934|AB	4n7h_B|Q96B67|AB
4nf9_A|Q8NG31|AC	4nf9_C|Q96IY1|AC
4nxq_A|Q13009|AD	4nxq_D|Q9C0A0|AD
4odk_A|Q5SLE7|AB	4odk_B|P00651|AB
4oed_A|P10275|AB	4oed_B|P41223|AB
4oh4_A|O22476|AE	4oh4_E|Q9FMZ0|AE
4oo6_A|Q92973|AB	4oo6_B|Q14498|AB
4ozf_A|P01909|AJ	4ozf_J|P04722|AJ
4ozf_B|Q5Y7D3|BJ	4ozf_J|P04722|BJ
4p6z_M|P35585|MT	4p6z_T|Q10589|MT
4p6z_S|P61966|SV	4p6z_V|P19554|SV
4pg9_A|P01901|AC	4pg9_C|O57286|AC
4pxf_A|P02699|AB	4pxf_B|P08168|AB
4pyu_A|Q9BZL1|AC	4pyu_C|O43290|AC
4pz5_A|P02751|AB	4pz5_B|O50835|AB
4qh7_A|Q24117|AC=BC	4qh7_C|Q9XZ31|AC=BC
4qmf_B|P25586|BA	4qmf_A|P40546|BA
4qmg_A|Q7KZF4|AF=BF	4qmg_F|Q86UE4|AF=BF
4qqi_A|Q9H9E1|AX	4qqi_X|Q2KHR2|AX
4qrp_A|P01889|AC	4qrp_C|X2G898|AC
4qt7_A|P00523|AB	4qt7_B|V5RF47|AB
4r7a_B|Q09028|BA	4r7a_A|Q8IWS0|BA
4rey_A|Q9BQQ3|AB	4rey_B|Q08379|AB
4rku_B|P05311|BI	4rku_I|P17227|BI
4rku_L|E1C9L1|LI	4rku_I|P17227|LI
4rof_A|Q96J02|AC	4rof_C|Q9H3M7|AC
4ru2_A|Q8VH51|AB	4ru2_B|P26369|AB
4s0r_K|P12425|K1=L1=M1	4s0r_1|Q45666|K1=L1=M1
4tvq_C|Q9BUL8|CE	4tvq_E|Q9BSQ5|CE
4tzl_A|Q95XC8|AC	4tzl_C|G5EBG0|AC
4tzm_A|Q95XC8|AC	4tzm_C|O01820|AC
4u0c_A|P12493|AB	4u0c_B|P49790|AB
4u7e_B|Q9NP79|BA	4u7e_A|P53990|BA
4ui9_O|Q9UJX4|OU	4ui9_U|Q9UKT4|OU
4um9_A|P06756|AE	4um9_E|P10600|AE
4um9_B|P18564|BE	4um9_E|P10600|BE
4upu_A|P0DP23|AB	4upu_B|P23677|AB
4uqy_A|Q9I746|AB	4uqy_B|Q9I749|AB
4wjv_C|P25382|CI	4wjv_I|P40078|CI
4wnn_D|P02293|DT	4wnn_T|P32558|DT
4wsf_A|Q9VFS5|AB	4wsf_B|Q9VHP9|AB
4xbu_A|O96013|AB	4xbu_B|Q96EL1|AB
4xgr_E|P9WF77|EF	4xgr_F|P9WJ35|EF
4xhv_A|M9NFI9|AB	4xhv_B|Q3KN41|AB
4xi7_A|Q86YT6|AC	4xi7_C|P78504|AC
4xpn_A|P62136|AB	4xpn_B|O75807|AB
4xyn_A|P04271|AP	4xyn_P|Q15109|AP
4ycw_A|Q15046|AC=BC	4ycw_C|Q13155|AC=BC
4yi0_C|P52293|CA	4yi0_A|P52591|CA
4yje_A|P25054|AB	4yje_B|Q5JTC6|AB
4ynl_A|P27709|AC=BC	4ynl_C|O52748|AC=BC
4ypi_A|P18272|AE	4ypi_E|Q05127|AE
4ysi_A|Q93009|AB	4ysi_B|F5HF68|AB
4z33_A|O00560|AC	4z33_C|O75084|AC
4z96_A|Q93009|AC	4z96_C|P26358|AC
4zp3_A|P13861|AM=BM	4zp3_M|Q9P0M2|AM=BM
4zri_A|P35240|AC	4zri_C|Q9NRM7|AC
4zuv_A|Q860N6|AC	4zuv_C|P16082|AC
5a2p_A|Q9JI92|AE	5a2p_E|P34901|AE
5a53_C|P36160|CB	5a53_B|Q08746|CB
5aer_A|P62168|AB	5aer_B|P14416|AB
5anr_A|A5YKK6|AC	5anr_C|Q9NRA8|AC
5anr_B|P26196|BC	5anr_C|Q9NRA8|BC
5b16_A|Q9NRR4|AB	5b16_B|Q8WYQ5|AB
5b6c_A|P55072|AB	5b6c_B|Q92890|AB
5bnw_A|O15294|AD	5bnw_D|Q03252|AD
5c6v_A|Q5NBT9|AE	5c6v_E|Q9SV55|AE
5cfc_A|C0MHL9|AD	5cfc_D|C3U5A3|AD
5cfc_B|E3TMG8|BD	5cfc_D|C3U5A3|BD
5cqx_B|P0AE70|BC	5cqx_C|P0AE72|BC
5crv_A|Q9H3S7|AC	5crv_C|O75886|AC
5ctt_A|P52293|AB	5ctt_B|Q15020|AB
5cve_A|Q9BV86|AD	5cve_D|P02283|AD
5d2m_B|P61956|BG=EG	5d2m_G|Q9Y4E5|BG=EG
5dif_C|P30822|CD	5dif_D|Q17RY0|CD
5dn2_C|O60462|CE=DE	5dn2_E|P15692|CE=DE
5dow_A|P0DP23|AB	5dow_B|Q9WVC8|AB
5dpw_A|Q9BXW4|AB	5dpw_B|Q9Y4G2|AB
5dx1_A|Q86X55|AF	5dx1_F|P11940|AF
5e0l_A|Q24117|AC	5e0l_C|Q9H4H8|AC
5e4w_C|O22265|CE	5e4w_E|Q8LBP4|CE
5eib_C|P81947|CF	5eib_F|Q9HC77|CF
5eib_D|Q6B856|DF	5eib_F|Q9HC77|DF
5ekf_A|P52293|AB	5ekf_B|P28715|AB
5et0_A|Q9ET47|AB	5et0_B|Q1EG27|AB
5f0o_A|C5DGP8|AE	5f0o_E|C5DNF8|AE
5f1n_A|J9UGS3|AC	5f1n_C|C1KG39|AC
5f3y_A|Q99MZ6|AB	5f3y_B|Q8K3X6|AB
5fg8_A|Q00168|AB	5fg8_B|Q02280|AB
5frp_A|Q04264|AC	5frp_C|Q12158|AC
5frq_A|O25242|AG	5frq_G|O25336|AG
5fvl_A|P52917|AC=BC	5fvl_C|Q04272|AC=BC
5g04_L|Q9UM13|LS	5g04_S|P34244|LS
5g1x_A|O14965|AB	5g1x_B|P04198|AB
5glf_A|P55072|AB	5glf_B|Q9BUN8|AB
5gnv_A|P31016|AB	5gnv_B|Q9QYR6|AB
5gow_B|P32780|BA	5gow_A|Q14186|BA
5gp7_A|O95271|AB	5gp7_B|Q9UHP3|AB
5gr7_A|P01902|AC	5gr7_C|K9N5Q8|AC
5grq_B|Q9UER7|BD	5grq_D|P46100|BD
5gtb_A|Q9FIG9|AB	5gtb_B|Q9XII1|AB
5h2c_A|P35845|AB	5h2c_B|P38881|AB
5h3j_A|Q99JX3|AB	5h3j_B|Q8R2X8|AB
5hax_A|G0S7B6|AB	5hax_B|G0S156|AB
5hb0_B|G0S7B6|BE=CE	5hb0_E|G0SAK3|BE=CE
5hkh_A|P61960|AB=CB	5hkh_B|Q9GZZ9|AB=CB
5hog_A|Q01454|AD	5hog_D|P38859|AD
5hoi_A|Q01454|AD	5hoi_D|Q02208|AD
5hvz_A|P00514|AC=BC	5hvz_C|Q9BSF0|AC=BC
5hyp_A|P04003|AB	5hyp_B|W0T1Y4|AB
5i7z_A|O97111|AB	5i7z_B|Q9BUF7|AB
5igo_A|P43254|AU=DU	5igo_U|Q96RU8|AU=DU
5ip7_B|P08518|BQ	5ip7_Q|P41895|BQ
5iy4_A|P12004|AB	5iy4_B|Q9H040|AB
5j3q_A|Q9P805|AB	5j3q_B|Q10108|AB
5j6g_C|P01898|CE	5j6g_E|Q9DBG6|CE
5j9k_A|Q5NBT9|AC	5j9k_C|Q2RBP2|AC
5jge_D|P35193|DF=EF	5jge_F|P14904|DF=EF
5jhq_A|O95271|AE	5jhq_E|Q9UIQ6|AE
5k8q_A|P0DP23|AB	5k8q_B|F1RAX4|AB
5k9s_A|P52293|AB	5k9s_B|P35680|AB
5ksa_A|P01909|AJ	5ksa_J|P08079|AJ
5l23_A|Q64010|AB	5l23_B|Q13905|AB
5lcw_O|Q9UJX4|OD	5lcw_D|P60006|OD
5ljn_A|Q96EP0|AC	5ljn_C|Q9UM82|AC
5lm1_A|Q9H3S7|AB	5lm1_B|Q9NZ09|AB
5lsf_A|Q9WCE9|AD	5lsf_D|A0A2S0CUG6|AD
5lsj_A|Q9H081|AP	5lsj_P|Q03188|AP
5lsj_N|Q96IY1|NP	5lsj_P|Q03188|NP
5lsw_A|Q92600|AB=CB	5lsw_B|Q9VV48|AB=CB
5ly3_A|A3MWN5|AB	5ly3_B|A3MWN6|AB
5m0i_B|P36068|BH	5m0i_H|P38272|BH
5m72_A|O76094|AB	5m72_B|Q9UHB9|AB
5mav_C|P12004|CG	5mav_G|Q0MQR4|CG
5mdx_A|P83755|AT	5mdx_T|P61839|AT
5mdx_D|P56761|DT	5mdx_T|P61839|DT
5mdx_L|P60129|LM	5mdx_M|P62109|LM
5mdx_L|P60129|LT	5mdx_T|P61839|LT
5mdx_b|P56777|bT	5mdx_T|P61839|bT
5mlo_A|P12004|AB	5mlo_B|Q5FWF4|AB
5mn9_A|P62992|AC=BC	5mn9_C|Q8N5J2|AC=BC
5mrw_A|P03959|AD	5mrw_D|P36937|AD
5mrw_B|P03960|BD	5mrw_D|P36937|BD
5mu3_A|Q6CVQ9|AC	5mu3_C|Q6CJY0|AC
5mu3_B|Q6CRN7|BC	5mu3_C|Q6CJY0|BC
5n6b_A|P04439|AC=DC	5n6b_C|P03314|AC=DC
5n74_A|H0XPX6|AI=BI	5n74_I|P32526|AI=BI
5n85_A|P27694|AB	5n85_B|Q96LW4|AB
5no2_Q|P0AG63|QL	5no2_L|P0A7S3|QL
5o5j_S|A0QSD5|Sg	5o5j_g|A0R215|Sg
5o9u_A|P30419|AC	5o9u_C|O81223|AC
5o9z_L|Q2TAY7|LR	5o9z_R|Q13123|LR
5oj5_A|Q8DI95|AB	5oj5_B|P0A444|AB
5ona_B|Q92600|BC	5ona_C|P22745|BC
5ooq_A|P47047|AC	5ooq_C|Q12080|AC
5oqt_A|Q5L1G5|AC	5oqt_C|A5A616|AC
5osi_A|Q9UBQ0|AC	5osi_C|Q5ZT54|AC
5ovp_A|Q9JLU4|AB	5ovp_B|O88917|AB
5ow5_A|Q8BG40|AE	5ow5_E|Q80VC9|AE
5ow5_B|E9PZI6|BE	5ow5_E|Q80VC9|BE
5oxx_A|Q74N74|AB	5oxx_B|Q74M37|AB
5tqc_A|Q92973|AB	5tqc_B|G0SFC3|AB
5trz_A|P01902|AP	5trz_P|P9WQP1|AP
5txe_A|E8RUP5|AC	5txe_C|E8RUP8|AC
5u5r_A|P52293|AB	5u5r_B|P54278|AB
5ua5_A|P42485|AB	5ua5_B|A0A8D1DEN9|AB
5uwj_C|P30822|CD	5uwj_D|Q06787|CD
5uwq_C|P30822|CD	5uwq_D|O00311|CD
5uww_C|P30822|CD	5uww_D|O75398|CD
5v1u_A|D1CIZ5|AE	5v1u_E|D1CIY7|AE
5v1y_A|Q16186|AE	5v1y_E|Q99460|AE
5v8k_A|Q1MX24|AB	5v8k_B|B0TAT4|AB
5vao_B|Q77DJ5|BE=DE	5vao_E|O72142|BE=DE
5vaq_A|Q86Z14|AC	5vaq_C|Q9NSA1|AC
5vf3_A|P04535|AZ=BZ	5vf3_Z|P18056|AZ=BZ
5vmo_A|Q5GAF0|AB	5vmo_B|B8JK68|AB
5w5c_A|P63045|AE	5w5c_E|P63041|AE
5w5c_B|P32851|BE	5w5c_E|P63041|BE
5w5c_F|P21707|FE	5w5c_E|P63041|FE
5w69_A|P10321|AI	5w69_I|Q13761|AI
5w6v_A|Q9UL18|AB	5w6v_B|Q8NDV7|AB
5we0_A|O13852|AC	5we0_C|Q96TL7|AC
5wjc_A|O94244|AB	5wjc_B|O42995|AB
5wkn_A|Q88435|AC	5wkn_C|P11208|AC
5wlg_A|P01899|AC	5wlg_C|A0A0Y9W4B5|AC
5wou_A|Q7KRY7|AV	5wou_V|Q9VE13|AV
5wtb_A|Q932F7|AE	5wtb_E|P08603|AE
5x8n_A|P52293|AB	5x8n_B|Q8AZK7|AB
5xmf_A|C6ZK72|AC	5xmf_C|P16087|AC
5xod_A|Q15796|AB	5xod_B|P12755|AB
5xpt_A|Q9UI95|AB	5xpt_B|Q96JM3|AB
5xvw_A|Q9SRM4|AD=BD	5xvw_D|Q9FKW0|AD=BD
5xwr_A|Q09028|AC=BC	5xwr_C|Q9UJQ4|AC=BC
5yay_A|E9Q238|AB	5yay_B|Q9QXL2|AB
5yir_D|Q9DCD6|DC	5yir_C|Q01484|DC
5ylx_A|H6TIB1|AC	5ylx_C|Q9YN02|AC
5ymw_A|P15979|AC	5ymw_C|P00526|AC
5zt0_A|P62137|AG	5zt0_G|Q86XI6|AG
6a30_A|Q62768|AP	6a30_P|P63045|AP
6a6w_A|O60158|AB	6a6w_B|Q09825|AB
6aaf_A|O94272|AB	6aaf_B|Q09906|AB
6akl_A|Q9BRV8|AC=BC	6akl_C|Q13033|AC=BC
6am0_A|Q6CIU1|AC	6am0_C|Q6CYC5|AC
6am0_B|Q6CPV9|BC	6am0_C|Q6CYC5|BC
6b03_A|Q6D8U3|AC	6b03_C|P16972|AC
6b0x_A|A4ZFB3|Aa	6b0x_a|A4ZFB2|Aa
6b2z_M|P00854|MT	6b2z_T|P81451|MT
6b3x_A|Q05048|AB	6b3x_B|Q12996|AB
6bgg_B|Q15059|BA	6bgg_A|Q14839|BA
6bgh_A|Q15059|AB	6bgh_B|P51532|AB
6bnh_A|O60885|AB	6bnh_B|Q6NYC1|AB
6bw4_C|Q09028|CB	6bw4_B|Q9HAZ2|CB
6cf6_B|Q6PFX9|BC	6cf6_C|Q9NTX7|BC
6d6q_C|Q96B26|CJ	6d6q_J|Q01780|CJ
6d6q_F|Q5RKV6|FJ	6d6q_J|Q01780|FJ
6dei_A|P25651|AC=BC	6dei_C|Q08729|AC=BC
6do4_A|Q9Y2U9|AC	6do4_C|Q9BQE4|AC
6do5_A|Q9Y2U9|AC	6do5_C|O94782|AC
6drt_A|P04525|AD	6drt_D|P00970|AD
6dsz_A|Q16531|AC	6dsz_C|Q9BW61|AC
6e2p_A|O60674|AC	6e2p_C|P48357|AC
6e49_B|P15873|BD	6e49_D|P07271|BD
6e5x_A|Q77DJ5|AB	6e5x_B|Q7Z6E9|AB
6ef3_1|P38624|1n	6ef3_n|P30657|1n
6ef3_2|P25043|2n	6ef3_n|P30657|2n
6ei2_A|P04439|AC	6ei2_C|P30279|AC
6ej7_A|Q86Y38|AB	6ej7_B|P02760|AB
6eop_A|Q6V1X1|AD	6eop_D|P63165|AD
6erg_E|P13010|EC	6erg_C|Q9H9Q4|EC
6esb_6|P03088|67	6esb_7|P03094|67
6et5_1|P04124|12=42	6et5_2|P04126|12=42
6et5_3|P04123|32	6et5_2|P04126|32
6ewc_A|P04439|AC	6ewc_C|Q8NC44|AC
6exj_A|Q9JLU4|AB	6exj_B|P30680|AB
6f0w_A|I6QVT6|AS	6f0w_S|B3RXX2|AS
6f0x_Z|Q13257|ZQ	6f0x_Q|Q12834|ZQ
6f0y_A|P32447|AB	6f0y_B|Q07794|AB
6f8f_D|O43791|DG	6f8f_G|P52945|DG
6fbx_A|Q8UWD5|AB	6fbx_B|Q4V925|AB
6fq4_A|P12003|AB	6fq4_B|Q824H6|AB
6g04_A|Q06672|AB	6g04_B|P39938|AB
6gc3_A|P53617|AB	6gc3_B|Q00416|AB
6giq_a|P00401|ag	6giq_g|P10174|ag
6giq_c|P00420|cg	6giq_g|P10174|cg
6giq_c|P00420|ck	6giq_k|P32799|ck
6gzj_A|P63167|AB	6gzj_B|P20917|AB
6h9n_A|P06136|AB	6h9n_B|P0A6S5|AB
6hby_A|P01903|AC	6hby_C|Q13641|AC
6hby_B|P01911|BC	6hby_C|Q13641|BC
6hc8_A|Q9NWT6|AE	6hc8_E|O75762|AE
6hip_A|Q96I25|AC=BC	6hip_C|P04618|AC=BC
6hm5_A|A0A1D5P3M9|AB	6hm5_B|Q99638|AB
6hvo_B|P12004|BD	6hvo_D|Q9HCU8|BD
6hy7_A|Q9UGM1|AB	6hy7_B|P0C1D0|AB
6iat_A|Q859I3|AG=DG	6iat_G|Q859I2|AG=DG
6idx_A|Q96JJ3|AC	6idx_C|Q3UHD1|AC
6ifc_A|Q8ZM86|AB	6ifc_B|Q7CPV2|AB
6ilf_A|A0A125R585|AC	6ilf_C|O89342|AC
6ixp_A|P19524|AB	6ixp_B|Q06324|AB
6ixr_A|P19524|AB	6ixr_B|Q03824|AB
6j0x_A|P38850|AE	6j0x_E|Q06164|AE
6j29_A|P04439|AC	6j29_C|P9WNK3|AC
6j4q_J|Q86V25|JK	6j4q_K|Q8N300|JK
6j56_A|Q9UM54|AC	6j56_C|O60784|AC
6j8e_A|Q99250|AD	6j8e_D|P0C195|AD
6j8y_C|O60671|CD	6j8y_D|Q9BSD3|CD
6jjw_A|Q5SXA9|AU	6jjw_U|Q15678|AU
6jjx_A|Q5SXA9|AC	6jjx_C|Q4VCS5|AC
6jzn_A|Q8VY16|AE	6jzn_E|Q9FK13|AE
6k07_A|Q9UI95|AB	6k07_B|Q6ZNX1|AB
6k71_P|P41091|PM	6k71_M|P20042|PM
6kbm_A|P39968|AB	6kbm_B|Q06628|AB
6kdr_A|Q5VVY1|AD	6kdr_D|P07199|AD
6kvm_A|Q4U5Z6|AC	6kvm_C|P67883|AC
6kvm_B|Q4U600|BC	6kvm_C|P67883|BC
6l0v_A|F4K0X5|AB	6l0v_B|Q5XVG3|AB
6l9f_A|Q62296|AC	6l9f_C|Q8N9Y4|AC
6lph_A|Q9VG38|AB	6lph_B|P23647|AB
6m2m_B|Q9LQQ4|BM	6m2m_M|Q2R2Z3|BM
6m4o_A|Q8N138|AB	6m4o_B|O15269|AB
6mf6_A|P32562|AC	6mf6_C|P32325|AC
6mi7_F|P0AF98|FC	6mi7_C|P0ADV9|FC
6mi7_G|P0ADC6|GC	6mi7_C|P0ADV9|GC
6mjc_A|Q6FVN3|AB	6mjc_B|Q6FKQ5|AB
6nf7_A|P16391|AC	6nf7_C|P29826|AC
6nid_A|O14936|AD=BD	6nid_D|Q9ULB1|AD=BD
6nt9_A|Q9UHD2|AC=BC	6nt9_C|E1C7U0|AC=BC
6o09_A|Q9M7Q7|AB	6o09_B|K7MRE7|AB
6o20_F|P62157|FE	6o20_E|Q9XSM3|FE
6p3w_B|P20248|BE	6p3w_E|Q13415|BE
6p64_A|Q53Z42|AC	6p64_C|Q5VTY9|AC
6p9y_R|P41586|RP	6p9y_P|P18509|RP
6pau_A|O60551|AC	6pau_C|P62330|AC
6peu_A|Q58494|AM=BM	6peu_M|Q58256|AM=BM
6pnj_H|G6FMF0|HW	6pnj_W|G6FSH2|HW
6pnj_Q|G6FMD3|QW	6pnj_W|G6FSH2|QW
6ptb_A|P04439|AC	6ptb_C|Q68CZ6|AC
6pun_A|Q09312|AE	6pun_E|P91820|AE
6px6_A|Q08AS3|AC	6px6_C|P16315|AC
6px6_B|A0A0U5IHY9|BC	6px6_C|P16315|BC
6pyj_A|A0A583ZBQ2|AC	6pyj_C|P37268|AC
6qdw_s|P61175|sz	6qdw_z|P02526|sz
6qh1_C|Q03392|CD	6qh1_D|Q10585|CD
6qld_e|P36012|eC	6qld_C|P35201|eC
6qld_f|P02309|fC	6qld_C|P35201|fC
6qld_g|P04911|gC	6qld_C|P35201|gC
6qld_h|P02293|hC	6qld_C|P35201|hC
6qnx_A|Q8N3U4|AC	6qnx_C|P49711|AC
6qnx_B|O60216|BC	6qnx_C|P49711|BC
6qtq_A|P43254|AB	6qtq_B|Q9FN03|AB
6qtt_A|P43254|AB	6qtt_B|Q8W191|AB
6qtu_A|P43254|AB	6qtu_B|Q96288|AB
6qtv_A|P43254|AB	6qtv_B|Q9FE22|AB
6qtw_A|P43254|AB	6qtw_B|Q43125|AB
6qxf_J|G3ECR2|JK	6qxf_K|G3ECR3|JK
6r16_E|O94901|EG=FG	6r16_G|Q8N205|EG=FG
6r2l_A|P04439|AC	6r2l_C|Q9BXX3|AC
6rmv_A|P62874|AC	6rmv_C|Q2TV84|AC
6ro1_A|P42285|AB	6ro1_B|O15381|AB
6s07_A|D1A7C3|AC	6s07_C|D1ADF2|AC
6s22_A|H0ZAB5|AF	6s22_F|Q9GZV9|AF
6s8r_A|P23128|AB	6s8r_B|Q7KQM6|AB
6sba_A|Q62296|AB	6sba_B|Q80V24|AB
6seo_A|Q15561|AL	6seo_L|A6NEQ2|AL
6sz5_A|P0DP24|AB	6sz5_B|Q96PH1|AB
6t7y_A|Q9UYX8|AB	6t7y_B|Q9V2F4|AB
6tyu_A|Q6DDS9|AB	6tyu_B|Q9BWK5|AB
6tyv_A|Q6DDS9|AB	6tyv_B|Q14191|AB
6uj7_A|P01889|AC	6uj7_C|P48735|AC
6urq_B|O95271|BC	6urq_C|O60829|BC
6v0n_A|O14744|AC	6v0n_C|Q9BRS2|AC
6v0o_A|O14744|AD	6v0o_D|P54105|AD
6v9z_A|A3DCU1|AC	6v9z_C|A3DCU2|AC
6vb2_A|F4NBQ8|AC	6vb2_C|Q9BYJ1|AC
6vme_I|Q99816|IA	6vme_A|Q96EY5|IA
6vme_N|Q9H9H4|NA	6vme_A|Q96EY5|NA
6vme_Y|Q9UK41|YA	6vme_A|Q96EY5|YA
6vro_A|Q13362|AB	6vro_B|Q9Y4K1|AB
6wj6_A|P16033|AT	6wj6_T|P74787|AT
6wj6_D|P09192|DT	6wj6_T|P74787|DT
6wj6_L|Q55354|LM	6wj6_M|P72701|LM
6wj6_L|Q55354|LT	6wj6_T|P74787|LT
6wly_A|O96013|AB	6wly_B|P53667|AB
6wme_A|Q9UH99|AB	6wme_B|Q6ZMZ3|AB
6wx7_A|P52293|AB	6wx7_B|P48431|AB
6x5g_A|Q9UQM7|AB	6x5g_B|Q96NW7|AB
6xa6_B|Q14160|BC	6xa6_C|Q9ULK5|BC
6xar_A|P22681|AC	6xar_C|Q8R4L0|AC
6xaw_A|P22579|AB	6xaw_B|P39001|AB
6xnj_A|Q9HD26|AB	6xnj_B|Q8XAN6|AB
6xqn_C|D6WIX5|CG	6xqn_G|D6X268|CG
6xwv_A|Q9VHP9|AE=CE	6xwv_E|Q9VEN2|AE=CE
6y3z_A|P53550|AB	6y3z_B|Q12517|AB
6y9p_A|Q80VW5|AC=BC=IC	6y9p_C|Q6PPF3|AC=BC=IC
6yar_A|P0DP92|AD=BD	6yar_D|P0ADJ3|AD=BD
6yba_D|P11820|DW	6yba_W|B5SNS1|DW
6ykp_B|A0A0H3PAV1|BF=CF=DF	6ykp_F|A0A0H3PBX6|BF=CF=DF
6yns_A|P0DP23|AN=CN	6yns_N|P0DKX7|AN=CN
6yoo_A|Q9H0R8|AB	6yoo_B|Q9Y512|AB
6ysl_D|P28611|DA=EA	6ysl_A|P28612|DA=EA
6z1u_A|P19483|Ah	6z1u_h|P02721|Ah
6z1u_S|P13621|Sh	6z1u_h|P02721|Sh
6z1u_b|P13619|bh	6z1u_h|P02721|bh
6z9w_A|A0A140T913|AC	6z9w_C|P13726|AC
6zw0_A|Q57968|AC=BC	6zw0_C|Q58261|AC=BC
7a1i_A|A0A3L6L5Q1|AB	7a1i_B|A0A3L6LBE5|AB
7a23_c|Q84W12|cn	7a23_n|Q9ZUX4|cn
7a23_p|Q9FWR5|pn=qn	7a23_n|Q9ZUX4|pn=qn
7a8u_A|P35609|AB	7a8u_B|Q9NP98|AB
7ad3_B|D6VTK4|BH	7ad3_H|P08539|BH
7al2_A|A5UK83|AB	7al2_B|B9AGF7|AB
7aqr_D|P93306|DZ	7aqr_Z|Q8RWA7|DZ
7aqr_V|Q9FLX7|Vr	7aqr_r|Q9SD78|Vr
7bn3_A|P11940|AD	7bn3_D|P15130|AD
7bqx_G|P03233|GO=KO	7bqx_O|P03186|GO=KO
7bqx_x|P03226|xO	7bqx_O|P03186|xO
7bxt_G|P04908|GK	7bxt_K|O57392|GK
7bxt_H|Q16778|HK	7bxt_K|O57392|HK
7bye_B|A6TJ73|BA=CA	7bye_A|A6TJ72|BA=CA
7c41_A|P01116|AD	7c41_D|P53816|AD
7c5d_A|Q15554|AC	7c5d_C|Q8NEM0|AC
7cfc_A|A1ZAC4|AF	7cfc_F|Q7PLK0|AF
7cg0_j|P0A1I7|j9	7cg0_9|P15928|j9
7ciq_A|O78189|AC	7ciq_C|P18583|AC
7cjq_A|O46882|AC	7cjq_C|P24306|AC
7cna_D|Q9Y657|DE	7cna_E|Q9BUA3|DE
7cqp_B|P0DP26|BC	7cqp_C|Q9QUQ5|BC
7cru_A|P52292|AB	7cru_B|P61978|AB
7cz5_R|Q02643|RP	7cz5_P|P01286|RP
7d6f_A|Q9WVQ1|AB	7d6f_B|Q9EQG6|AB
7dee_A|O15519|AB	7dee_B|Q14790|AB
7ds3_B|P14315|BC	7ds3_C|Q9Z0P5|BC
7du4_A|P0CL62|AQ=BQ	7du4_Q|P9WJ85|AQ=BQ
7du5_A|P71650|AC=BC	7du5_C|P0CL61|AC=BC
7dvq_3|Q15393|3y	7dvq_y|Q92917|3y
7e34_A|P24941|AC	7e34_C|O94901|AC
7e34_B|Q5MJ70|BC	7e34_C|O94901|BC
7e9h_B|P62873|BC	7e9h_C|P59768|BC
7ea7_B|O95166|BC	7ea7_C|Q9H6S1|BC
7eg6_G|P06897|GM	7eg6_M|P18480|GM
7eg6_H|P02281|HM	7eg6_M|P18480|HM
7emd_A|O19075|AC	7emd_C|P22776|AC
7evr_A|P14866|AB=CB	7evr_B|Q9BYW2|AB=CB
7f4l_B|I7M8B9|BF	7f4l_F|Q22VV9|BF
7f53_R|P32245|RL	7f53_L|P01189|RL
7f90_A|P78406|AE	7f90_E|P59634|AE
7fax_A|Q586Y0|AB	7fax_B|Q38DC5|AB
7fc0_B|A0A1I4IFL0|BA	7fc0_A|A0A915Q9E8|BA
7fc0_C|A0A1I4IFH0|CA	7fc0_A|A0A915Q9E8|CA
7jfo_B|P08475|Bq	7jfo_q|Q94ET8|Bq
7jfo_O|P00877|Oq	7jfo_q|Q94ET8|Oq
7jvo_A|P52293|AB	7jvo_B|Q9BYF1|AB
7jvs_B|Q2FXS9|BC=DC	7jvs_C|Q2FXT0|BC=DC
7k3j_A|Q24117|AB=GB=IB=KB	7k3j_B|Q9W2H9|AB=GB=IB=KB
7kcl_A|Q12931|AC=BC	7kcl_C|P21912|AC=BC
7kgo_A|Q861F7|AC	7kgo_C|P0DTC9|AC
7knu_R|Q16602|RP	7knu_P|P06881|RP
7l04_E|P52293|EC	7l04_C|C0LA97|EC
7l1b_A|P04439|AC	7l1b_C|P42336|AC
7lew_A|P60604|AB	7lew_B|Q9Y679|AB
7lj0_B|P11393|BA	7lj0_A|A0A5J4Z323|BA
7lo0_A|Q9Y294|AI	7lo0_I|Q86UE8|AI
7lps_B|Q96SW2|BC	7lps_C|Q9UKS7|BC
7mja_A|A0A5H2UYS3|AC	7mja_C|Q99453|AC
7n2o_A|A3F718|AC	7n2o_C|P62723|AC
7n9j_A|P01899|AC	7n9j_C|P38533|AC
7nad_I|Q07896|IG	7nad_G|P17076|IG
7nad_m|Q04660|mt	7nad_t|P40693|mt
7naf_5|Q04031|5q	7naf_q|P40991|5q
7naf_w|P25582|wq	7naf_q|P40991|wq
7nlc_A|Q99816|AB	7nlc_B|Q9YLR0|AB
7ntk_A|Q8N3R9|AC	7ntk_C|P0DTC4|AC
7nuf_A|P42224|AC	7nuf_C|P17356|AC
7nvv_2|Q92759|2W	7nvv_W|P29083|2W
7nvv_7|P19447|7W	7nvv_W|P29083|7W
7o1f_A|G0SF70|AJ	7o1f_J|G0RZ52|AJ
7o3j_A|O50337|AC	7o3j_C|O50334|AC
7o3j_B|O50336|BC	7o3j_C|O50334|BC
7o4k_G|P34087|GF	7o4k_F|P20435|GF
7o54_A|Q03513|AB	7o54_B|P27134|AB
7o6n_A|Q20057|AC=BC	7o6n_C|O76616|AC=BC
7oe2_A|D0LZ74|A1	7oe2_1|D0LZ73|A1
7of0_8|Q9NQ50|8m	7of0_m|Q7Z7F7|8m
7ohi_A|P17427|AB	7ohi_B|O14526|AB
7oq4_E|P39466|EF	7oq4_F|Q4JB12|EF
7os1_B|O75643|BF	7os1_F|O75554|BF
7ose_A|P26459|AC	7ose_C|P24244|AC
7oui_B|P56777|BU	7oui_U|Q39195|BU
7oui_E|P56779|EU	7oui_U|Q39195|EU
7owm_A|P30419|AC	7owm_C|P84074|AC
7p49_A|P13747|AP	7p49_P|P9WQE5|AP
7pkq_y|A8JI15|yu	7pkq_u|A8J1A6|yu
7pno_A|Q9IK91|AB	7pno_B|Q9IK92|AB
7q3l_A|O75533|Ap	7q3l_p|Q7L014|Ap
7q41_A|O95714|AB	7q41_B|Q05086|AB
7q44_A|O95714|AB	7q44_B|Q9P2H5|AB
7q45_A|O95714|AB	7q45_B|Q01538|AB
7q46_A|O95714|AB	7q46_B|Q15154|AB
7qfb_A|P62136|AB	7qfb_B|Q9UQK1|AB
7qoh_B|A0A385DVU6|Bl=Cl	7qoh_l|A0A385DT68|Bl=Cl
7qtt_W|Q9HCG8|WL	7qtt_L|Q9BRD0|WL
7r1v_A|P0A940|AB	7r1v_B|A0A1C0U7H2|AB
7r6k_w|P25582|wg	7r6k_g|P87262|wg
7rfx_A|P52293|AB	7rfx_B|K9N643|AB
7rg6_A|P52293|AC	7rg6_C|A3EXD3|AC
7s46_A|O96013|AB	7s46_B|P18084|AB
7s4q_A|Q1D6H4|AF	7s4q_F|Q1D3Y8|AF
7s8s_A|U5YJK1|AC	7s8s_C|P03502|AC
7smc_A|P28749|AB	7smc_B|P29374|AB
7sme_A|P28749|AB	7sme_B|Q13547|AB
7t2u_B|P0DTD1|BE	7t2u_E|Q9Y6K9|BE
7tlj_F|Q02760|FD	7tlj_D|P16536|FD
7tlj_G|Q02762|GD	7tlj_D|P16536|GD
7tmy_I|P52293|IA	7tmy_A|Q8TAT5|IA
7tt7_E|P0A937|EC	7tt7_C|P0A903|EC
7ttc_A|P0A940|AP	7ttc_P|O32591|AP
7tuc_A|D5H3J5|AP	7tuc_P|Q9TQB0|AP
7ufg_A|Q13219|AC	7ufg_C|P24593|AC
7ugb_A|P63086|AI	7ugb_I|Q96AZ6|AI
7uhe_A|P35189|AB	7uhe_B|P23255|AB
7uiq_A|Q9UQM7|AC=BC	7uiq_C|Q60610|AC=BC
7ukn_A|Q16531|AB	7ukn_B|F5HF44|AB
7v8l_C|P0ADC3|CA	7v8l_A|P69411|CA
7v8l_E|P75958|EA	7v8l_A|P69411|EA
7vpw_A|Q92973|AB	7vpw_B|Q92560|AB
7vvu_D|P02281|DX	7vvu_X|P43572|DX
7vvu_N|P06897|NX	7vvu_X|P43572|NX
7vwo_A|P9WF55|AD=BD	7vwo_D|P9WL41|AD=BD
7w5c_A|Q39024|AQ	7w5c_Q|Q94A06|AQ
7w64_A|P23476|AG=CG	7w64_G|P0C6Q5|AG=CG
7weg_B|E9Q9W7|BC	7weg_C|Q3USJ8|BC
7wic_R|P30874|RL	7wic_L|P61278|RL
7x2e_A|Q9Y6N9|AB	7x2e_B|E9Q7P9|AB
7x3x_C|P06897|CV	7x3x_V|P38144|CV
7xf3_A|D9J307|AC	7xf3_C|Q71UK7|AC
7xjl_F|O43603|FA	7xjl_A|Q9BT56|FA
7xpk_A|B9EY07|AB	7xpk_B|Q6K4E6|AB
7xqu_A|Q95482|AC	7xqu_C|P25909|AC
7xuv_A|P27694|AB	7xuv_B|Q9H9A7|AB
7xv1_A|P27694|AB	7xv1_B|Q8NG08|AB
7y04_B|P11499|BE	7y04_E|P30561|BE
7y60_L|Q13112|LK	7y60_K|Q13111|LK
7yc2_C|Q9C0D3|CE	7yc2_E|A0A663DJA2|CE
7yf3_A|Q9H1A3|AC	7yf3_C|P31725|AC
7ymi_C|B0C1V7|CT	7ymi_T|B0C605|CT
7ymi_L|B0C6T1|LT	7ymi_T|B0C605|LT
7ymi_M|B0CFM0|MT	7ymi_T|B0C605|MT
7ymi_Z|B0C0S7|ZY	7ymi_Y|A0AAJ6N611|ZY
7yq3_F|P06213|FB	7yq3_B|F8WCM5|FB
7z4a_A|A0A0B4N231|AO=NO	7z4a_O|A0A0B4N0B9|AO=NO
7z8y_A|O94901|AD=BD	7z8y_D|Q12912|AD=BD
7zqi_A|O98187|AF	7zqi_F|Q9KT74|AF
7zqj_A|O98187|AF	7zqj_F|P9WKZ5|AF
7zwa_A|P12956|AC	7zwa_C|Q9BUH6|AC
7zwa_B|P13010|BC	7zwa_C|Q9BUH6|BC
7zzq_G|Q76KJ6|GS=HS=LS	7zzq_S|D5QCK0|GS=HS=LS
8ac1_C|P0A8V2|CE	8ac1_E|P0A800|CE
8ac1_D|P0A8T7|DE	8ac1_E|P0A800|DE
8ahy_B|P62166|BP	8ahy_P|Q80ZG1|BP
8ai2_A|Q45595|AC	8ai2_C|Q45596|AC
8ari_A|Q13363|Aa=Ga	8ari_a|Q9Y5P3|Aa=Ga
8b5r_B|P55072|BX	8b5r_X|Q14CS0|BX
8bed_G|Q9FGI6|GI	8bed_I|Q42599|GI
8bed_G|Q9FGI6|GW	8bed_W|Q9LHI0|GW
8bed_R|Q9M9M6|RI	8bed_I|Q42599|RI
8bft_A|P30177|AB	8bft_B|P42641|AB
8by6_A|Q09161|AC	8by6_C|Q53F19|AC
8cav_A|D1A2F7|AD	8cav_D|D1A2F9|AD
8caz_S|P0A7U3|S4	8caz_4|P0A7M9|S4
8cgv_w|P0A7M2|wh	8cgv_h|P0A7R1|wh
8cqy_A|P26045|AB	8cqy_B|P78536|AB
8csp_B|Q9Y399|BQ	8csp_Q|P82921|BQ
8csp_G|P82933|GQ	8csp_Q|P82921|GQ
8csp_W|Q9Y2Q9|WQ	8csp_Q|P82921|WQ
8d5e_A|P01900|AP	8d5e_P|P62915|AP
8d5j_A|P01902|AC	8d5j_C|Q99KP6|AC
8des_A|A0A6G9L6B3|AE	8des_E|A0A6G9L8Z7|AE
8dgh_A|P0DP23|AB	8dgh_B|Q14028|AB
8djq_A|G7CIP4|AE	8djq_E|P9WNT7|AE
8e2c_A|Q2FYI5|AC	8e2c_C|Q2G2X6|AC
8ebl_A|Q9Y2U9|AC	8ebl_C|P29323|AC
8egr_H|A0A1S6L1H9|HM	8egr_M|A0A1S6L1H7|HM
8egs_Y|A0A1S6L1I1|YI	8egs_I|A0A1S6L1H8|YI
8eir_A|P0DTD1|AC	8eir_C|P0DTC1|AC
8eq5_A|P51812|AB	8eq5_B|Q7Z698|AB
8eqs_B|P59632|BC	8eqs_C|P02647|BC
8f2m_D|P13849|DC	8f2m_C|P13848|DC
8f2q_A|P52293|AB	8f2q_B|Q9PZT1|AB
8f5q_A|P12004|AB	8f5q_B|Q8NFZ0|AB
8fe7_A|O15294|AB	8fe7_B|Q9H0W8|AB
8fhl_A|P01900|AC	8fhl_C|Q8NCN5|AC
8gnn_C|O60671|CD	8gnn_D|O75943|CD
8gsv_A|Q16611|AB	8gsv_B|Q8NFP0|AB
8h0p_R|P28336|RL	8h0p_L|P08949|RL
8h0q_R|P30550|RL	8h0q_L|P07492|RL
8h2u_B|P09144|BI	8h2u_I|A8IFG7|BI
8h2u_H|P13352|HI	8h2u_I|A8IFG7|HI
8h2u_L|A8IL32|LI	8h2u_I|A8IFG7|LI
8hib_A|P81877|AD=BD	8hib_D|Q9BRQ0|AD=BD
8hib_V|Q86U70|VD	8hib_D|Q9BRQ0|VD
8hqy_C|P04908|CS	8hqy_S|Q16385|CS
8hqy_D|O60814|DS	8hqy_S|Q16385|DS
8hqy_U|P0CG47|US	8hqy_S|Q16385|US
8i17_B|P06899|BC	8i17_C|Q9Y5B9|BC
8iaq_M|P03911|MX	8iaq_X|Q9DCJ5|MX
8iaq_N|P03893|NX	8iaq_X|Q9DCJ5|NX
8iaq_d|Q9CQ54|dX	8iaq_X|Q9DCJ5|dX
8iaq_e|Q99LY9|eX	8iaq_X|Q9DCJ5|eX
8iaq_h|Q9CQH3|hX	8iaq_X|Q9DCJ5|hX
8igc_A|Q16611|AB	8igc_B|P0C671|AB
8ihm_C|P06897|CM	8ihm_M|Q04779|CM
8ihm_D|P02281|DM	8ihm_M|Q04779|DM
8imx_K|Q92643|KD	8imx_D|Q9BZM5|KD
8imx_S|Q96S52|SD	8imx_D|Q9BZM5|SD
8imz_A|E2JF22|AD	8imz_D|Q8BX65|AD
8ivz_A|P26039|AC	8ivz_C|Q14678|AC
8jav_B|Q92624|BF	8jav_F|Q13084|BF
8je2_D|Q9UK73|DH	8je2_H|Q8TF40|DH
8jhv_A|P01901|AC	8jhv_C|A0A7S7LF56|AC
8jj9_A|Q658Y4|AC	8jj9_C|Q9NUY8|AC
8jv0_A|B1A9P1|AC	8jv0_C|P0C9J3|AC
8jzw_A|Q13185|AE=BE=CE	8jzw_E|O15016|AE=BE=CE
8ovc_M|A0R051|MY	8ovc_Y|A0QQQ1|MY
8p7l_J|P50613|JH	8p7l_H|P51948|JH
8p9r_A|P0ABV2|AC=BC	8p9r_C|P02929|AC=BC
8phe_A|Q9H845|AC=BC	8phe_C|Q9BQ95|AC=BC
8pk6_C|Q9NVM9|CD	8pk6_D|Q8N720|CD
8pnt_A|Q09161|AC	8pnt_C|Q9H814|AC
8q6p_3|P49739|3L	8q6p_L|Q5U4U4|3L
8q7i_A|G0SF70|AP	8q7i_P|G0S2B5|AP
8q7q_A|Q6P2Q9|AB	8q7q_B|O75643|AB
8q9q_A|Q05BX2|AX=BX	8q9q_X|Q8WUI4|AX=BX
8qp8_A|Q6P2Q9|A7	8qp8_7|Q15459|A7
8qp8_A|Q6P2Q9|AX	8qp8_X|Q8WVK2|AX
8qp8_D|P83876|D7	8qp8_7|Q15459|D7
8qp8_S|O43290|SX	8qp8_X|Q8WVK2|SX
8r2i_A|P07753|AI	8r2i_I|P59763|AI
8r2i_C|P10898|CI	8r2i_I|P59763|CI
8r6f_k|W5E2W7|kh	8r6f_h|A0A3B5XY60|kh
8rgh_C|Q8WVS4|CE	8rgh_E|Q8TCX1|CE
8rks_E|Q9UBQ0|EI	8rks_I|Q641Q2|EI
8rn4_A|Q5V8Z9|AE=DE	8rn4_E|Q5V8Y6|AE=DE
8rn5_A|Q5V8Z9|AE	8rn5_E|Q5V8Z9|AE
8rn5_B|Q5V8Y6|BE	8rn5_E|Q5V8Z9|BE
8rng_A|S6AU73|AC	8rng_C|Q2PIM0|AC
8rt6_W|O50336|Wu	8rt6_u|O50337|Wu
8rxb_A|Q92900|AB	8rxb_B|Q86US8|AB
8s8o_A|P13861|AC=BC	8s8o_C|P15146|AC=BC
8sao_B|A0A6H0TJ16|BA	8sao_A|A0A7U1BAR4|BA
8sg8_E|P48643|EN	8sg8_N|O14775|EN
8suv_A|Q9UNE7|AF	8suv_F|Q9UKJ5|AF
8sw5_A|P62136|AC	8sw5_C|Q96QC0|AC
8t0p_A|P53298|AC	8t0p_C|P36012|AC
8t0p_B|P38313|BC	8t0p_C|P36012|BC
8t19_A|U5Q0A7|AB	8t19_B|U5Q0A5|AB
8t31_A|O95166|AB	8t31_B|Q8IXH6|AB
8t42_A|P68363|AN	8t42_N|A4Q9E8|AN
8t42_B|P07437|BN	8t42_N|A4Q9E8|BN
8t4s_C|P15880|Cn	8t4s_n|K9N7C7|Cn
8t4s_D|P23396|Dn	8t4s_n|K9N7C7|Dn
8t9d_C|O75586|C9	8t9d_9|Q9UHV7|C9
8tah_A|P61157|AH	8tah_H|Q60598|AH
8tgf_A|Q09490|AB	8tgf_B|Q18892|AB
8tuv_A|P52293|AB	8tuv_B|T2HFI5|AB
8tuv_A|P52293|AC	8tuv_C|P0A7R9|AC
8twe_A|P30153|AC	8twe_C|P67775|AC
8twe_B|P63151|BC	8twe_C|P67775|BC
8twe_B|P63151|BD	8twe_D|Q96E09|BD
8txv_G|P04908|GK	8txv_K|Q8IYW5|GK
8txv_H|P62807|HK	8txv_K|Q8IYW5|HK
8tzx_A|Q96SW2|AC	8tzx_C|O95785|AC
8u36_A|P52293|AB	8u36_B|Q9IIH8|AB
8u77_A|P35189|AB=CB	8u77_B|Q08465|AB=CB
8uha_V|Q8WX92|VX	8uha_X|P18615|VX
8ujh_A|A0A125YMZ8|AC	8ujh_C|S8EZL1|AC
8w2o_M|Q06217|MI	8w2o_I|Q07508|MI
8w2o_Q|P40204|QI	8w2o_I|Q07508|QI
8w6a_A|O95166|AC=GC	8w6a_C|Q86VP1|AC=GC
8w6l_A|B1A9P1|AC	8w6l_C|Q89702|AC
8wb4_F|A0A222AI51|FJ	8wb4_J|A0A222AI54|FJ
8wgo_A|A0A0H2ZMF7|AC	8wgo_C|A0A0B7LTC5|AC
8wqa_B|Q9UK73|BK	8wqa_K|Q8N998|BK
8wqe_B|Q9UK73|BK	8wqe_K|Q13948|BK
8wss_R|Q99705|RL	8wss_L|P20382|RL
8wz2_R|Q96P65|RL	8wz2_L|Q8CE23|RL
8x8a_A|Q9H0R8|AB	8x8a_B|O95210|AB
8x91_A|O00555|AX	8x91_X|P37300|AX
8xes_A|A0A0G2JPD3|AC	8xes_C|P03101|AC
8xzg_R|P35414|RL	8xzg_L|Q9ULZ1|RL
8y74_A|O46789|AC	8y74_C|A0A023PU38|AC
8zjd_R|Q969F8|RL	8zjd_L|Q15726|RL
8zlz_B|Q8YXC3|BD	8zlz_D|Q8YYI1|BD
9ild_A|P0DTF3|AB	9ild_B|P0DTF0|AB
