1ca9_A|Q12933|AG=EG	1ca9_G|P20333|AG=EG
1cg9_A|P01889|AC	1cg9_C|P03204|AC
1d8d_A|Q04631|AP	1d8d_P|P01116|AP
1d8d_B|Q02293|BP	1d8d_P|P01116|BP
1ddv_A|Q9Z214|AB	1ddv_B|P31424|AB
1ds5_A|P28523|AE=BE	1ds5_E|P67870|AE=BE
1eg4_A|P11532|AP	1eg4_P|Q14118|AP
1emu_A|O15169|AB	1emu_B|P25054|AB
1h15_A|P01903|AC	1h15_C|P03198|AC
1h15_B|Q30154|BC	1h15_C|P03198|BC
1h27_B|P20248|BE	1h27_E|P46527|BE
1h28_B|P20248|BE	1h28_E|P28749|BE
1hlt_H|P00734|HR=KR	1hlt_R|P07204|HR=KR
1inq_A|P01899|AC	1inq_C|Q9D8V0|AC
1j19_A|P26043|AB	1j19_B|P35330|AB
1j2x_A|P35269|AB	1j2x_B|Q9Y5B0|AB
1jd6_A|Q24306|AB	1jd6_B|Q24106|AB
1jgn_A|P11940|AB	1jgn_B|Q9BPZ3|AB
1kc4_A|P60615|AB	1kc4_B|P22770|AB
1klg_A|P01903|AC	1klg_C|P60174|AC
1klg_B|P01911|BC	1klg_C|P60174|BC
1ky6_A|P17427|AP	1ky6_P|O88339|AP
1l2i_A|P03372|AC	1l2i_C|Q61026|AC
1lew_A|P47811|AB	1lew_B|Q02078|AB
1lez_A|P47811|AB	1lez_B|O09110|AB
1lj2_A|P03536|AC=BC	1lj2_C|Q04637|AC=BC
1lxf_C|P63316|CI	1lxf_I|P19429|CI
1m4p_A|Q99816|AB	1m4p_B|Q9IF21|AB
1m5n_S|Q14974|SQ	1m5n_Q|P12272|SQ
1mhc_A|Q31093|AC	1mhc_C|P03889|AC
1n4m_A|P06400|AC	1n4m_C|Q14209|AC
1n7f_A|P97879|AC	1n7f_C|Q13136|AC
1oeb_B|O89100|BC	1oeb_C|Q60787|BC
1of2_A|P01889|AC	1of2_C|P32241|AC
1om2_A|Q62760|AB	1om2_B|P11884|AB
1om9_A|Q9UJY5|AP	1om9_P|Q7Z6B0|AP
1oqp_A|P05434|AB	1oqp_B|P11927|AB
1qew_A|P04439|AC	1qew_C|P43357|AC
1qfn_A|P68688|AB	1qfn_B|P00452|AB
1r1r_A|P00452|AD	1r1r_D|P69924|AD
1rxz_A|O29912|AB	1rxz_B|O29975|AB
1t5w_A|P01903|AC	1t5w_C|P27705|AC
1t5w_B|P01911|BC	1t5w_C|P27705|BC
1t6o_A|Q77M42|AB	1t6o_B|Q77M43|AB
1tqe_P|Q02080|PX=QX	1tqe_X|Q99N13|PX=QX
1u76_A|P12004|AB	1u76_B|Q15054|AB
1uki_A|P45983|AB	1uki_B|Q9WVI9|AB
1uvq_A|E9PMV2|AC	1uvq_C|O43612|AC
1vad_A|P01901|AP	1vad_P|P38158|AP
1wbp_A|Q96SB4|AB	1wbp_B|Q96QZ7|AB
1xr9_A|P01889|AC	1xr9_C|P51965|AC
1ydi_A|P18206|AB	1ydi_B|O43707|AB
1yk0_A|P17342|AE=BE	1yk0_E|P01160|AE=BE
1yk1_A|P17342|AE=BE	1yk1_E|P16860|AE=BE
1zav_A|P29394|AX	1zav_X|P29396|AX
2asq_A|P63165|AB	2asq_B|O75928|AB
2bck_A|P04439|AC	2bck_C|O14746|AC
2bec_A|O43745|AB	2bec_B|P19634|AB
2bss_A|P01889|AC	2bss_C|Q98Y46|AC
2cch_B|P20248|BE	2cch_E|Q99741|BE
2clr_A|P04439|AC	2clr_C|P27797|AC
2cnm_A|Q8ZJW4|AD	2cnm_D|Q8ZK81|AD
2d1x_A|Q14247|AP=BP	2d1x_P|Q9ULH1|AP=BP
2drn_A|P12368|AC=BC	2drn_C|Q12802|AC=BC
2dym_G|Q12380|GH	2dym_H|Q03818|GH
2e4h_A|P30622|AB	2e4h_B|P68363|AB
2ems_A|P26043|AB	2ems_B|P15702|AB
2emt_A|P26043|AC	2emt_C|Q62170|AC
2esv_A|P13747|AP	2esv_P|P16780|AP
2f8e_X|Q0QEE0|XA	2f8e_A|Q9DS05|XA
2f9j_B|Q9Y3B4|BQ	2f9j_Q|O75533|BQ
2fff_B|O70038|BA	2fff_A|Q4TUQ1|BA
2gph_A|P63086|AB	2gph_B|P35236|AB
2gpo_A|P62508|AC	2gpo_C|P48552|AC
2h9r_B|P12368|BC	2h9r_C|P24588|BC
2hu2_A|Q6AZ26|AB	2hu2_B|O75362|AB
2j7x_A|Q62986|AB	2j7x_B|Q9HCD5|AB
2jm6_B|P97287|BA	2jm6_A|Q9JM54|BA
2jmf_A|Q9Y0H4|AB	2jmf_B|Q32UW5|AB
2jnw_A|P07992|AB	2jnw_B|P23025|AB
2jzi_A|P0DP23|AB	2jzi_B|Q08209|AB
2k3w_A|Q9UN37|AB	2k3w_B|Q96FZ7|AB
2k9u_A|Q14315|AB	2k9u_B|Q8WUP2|AB
2kbr_A|Q9Y6N9|AB	2kbr_B|Q9H251|AB
2kpl_A|Q96QZ7|AB	2kpl_B|P03126|AB
2krb_A|P55884|AB	2krb_B|O75822|AB
2ksp_A|Q9H4M9|AB	2ksp_B|Q8N3F8|AB
2kup_A|O43559|AB	2kup_B|Q9UM73|AB
2kxc_A|Q9UHR4|AB	2kxc_B|P0DJ89|AB
2kyl_A|Q6P0Q8|AB	2kyl_B|P60484|AB
2kym_A|A5E3P5|AB	2kym_B|Q03497|AB
2lsj_A|Q920Q2|AB	2lsj_B|Q9QUG2|AB
2m55_A|P0DP23|AB	2m55_B|P37840|AB
2m8s_A|Q60739|AB	2m8s_B|Q99075|AB
2mkr_A|P32776|AB	2mkr_B|P12978|AB
2mnj_B|P38768|BA	2mnj_A|P25638|BA
2mpa_L|A2NHM3|LP	2mpa_P|E6MXW0|LP
2mps_A|Q00987|AB	2mps_B|O15350|AB
2n3a_B|O75475|BA	2n3a_A|Q7Z3K3|BA
2nd0_A|O60885|AB	2nd0_B|Q9QR71|AB
2o60_A|P62149|AB	2o60_B|Q9Z0J4|AB
2okr_A|Q16539|AC	2okr_C|P49137|AC
2pav_P|P07737|PV	2pav_V|P50552|PV
2pr9_A|P84092|AP	2pr9_P|P18508|AP
2r03_A|Q8WUM4|AB	2r03_B|P69732|AB
2r7g_A|P06400|AB	2r7g_B|P03255|AB
2rpq_A|P61956|AB	2rpq_B|Q6VMQ6|AB
2v3s_B|O95747|BC	2v3s_C|Q96J92|BC
2v51_D|P68135|DE	2v51_E|Q8K4J6|DE
2w10_B|O89100|BC	2w10_C|Q6PB44|BC
2w85_A|O75381|AB	2w85_B|P40855|AB
2wss_T|P13619|TU	2wss_U|P13620|TU
2wss_V|P02721|VU	2wss_U|P13620|VU
2x04_A|P11940|AC	2x04_C|Q9HCJ0|AC
2xhs_A|P33244|AB	2xhs_B|P02835|AB
2xpg_A|P04439|AC	2xpg_C|P60201|AC
2xpi_A|P41889|AB	2xpi_B|O13916|AB
2xqn_T|Q9UGI8|TA	2xqn_A|Q9Y615|TA
2xrw_A|P45983|AB	2xrw_B|Q12968|AB
2xxn_A|Q93009|AB	2xxn_B|Q2HR73|AB
2xyi_A|Q24572|AB	2xyi_B|P84040|AB
2y0i_A|Q9NWT6|AS	2y0i_S|Q9H2K2|AS
2ych_A|Q72IW8|AB	2ych_B|Q72IW7|AB
2yez_A|Q95601|AC	2yez_C|Q5ZMD1|AC
2ykt_A|Q9UQB8|AB	2ykt_B|C6UYL8|AB
2z5n_A|Q92973|AB	2z5n_B|Q14103|AB
3abd_B|Q9UI95|BY	3abd_Y|O60673|BY
3bew_A|Q95601|AC	3bew_C|P09207|AC
3bfq_G|P08190|GF	3bfq_F|P08189|GF
3bp4_A|P01889|AC	3bp4_C|P10619|AC
3brl_A|Q24117|AC	3brl_C|P40688|AC
3bua_A|Q15554|AE=DE	3bua_E|Q9H816|AE=DE
3buy_A|P01899|AC	3buy_C|P0C0U1|AC
3c0t_A|O14198|AB	3c0t_B|O94646|AB
3c3o_A|Q8WUM4|AB	3c3o_B|Q9BY43|AB
3c5j_A|P01903|AC	3c5j_C|Q05639|AC
3c5j_B|B8YAC7|BC	3c5j_C|Q05639|BC
3c66_A|P29468|AC	3c66_C|P45976|AC
3e2h_A|P01897|AQ	3e2h_Q|Q60597|AQ
3e2h_B|P01738|BQ	3e2h_Q|Q60597|BQ
3egd_B|O95486|BD	3egd_D|P03522|BD
3egx_B|O95486|BD	3egx_D|O15155|BD
3fma_A|P32909|AL	3fma_L|Q12186|AL
3g2s_A|Q9UJY5|AC	3g2s_C|Q92673|AC
3gz1_B|P0A2U4|BP	3gz1_P|P18011|BP
3gze_A|A8J7D3|AX	3gze_X|Q9FPQ6|AX
3h5r_A|Q47506|AE=BE	3h5r_E|Q47505|AE=BE
3h7b_A|P04439|AC	3h7b_C|P38110|AC
3hpj_A|P04439|AC	3hpj_C|P19544|AC
3hql_A|O43791|AC	3hql_C|Q9VHV8|AC
3hs8_A|P17427|AP	3hs8_P|Q9Z0R4|AP
3hym_B|Q13042|BA	3hym_A|Q8NHZ8|BA
3i6g_A|P04439|AC=DC	3i6g_C|P59596|AC=DC
3i7n_A|Q16531|AB	3i7n_B|Q8N5D0|AB
3i7p_A|Q16531|AB	3i7p_B|Q5T6F0|AB
3im4_A|P00514|AC=BC	3im4_C|O43572|AC=BC
3j47_V|P43588|VQ	3j47_Q|Q12377|VQ
3jtt_A|Q30597|AC	3jtt_C|Q9WH73|AC
3kl4_A|Q97ZE7|AB	3kl4_B|P18962|AB
3mrr_A|P04439|AP	3mrr_P|Q92959|AP
3nfk_A|P29074|AC=BC	3nfk_C|P03524|AC=BC
3nmx_A|P25054|AD	3nmx_D|Q9NR80|AD
3oak_A|Q06505|AD	3oak_D|P23615|AD
3oqs_A|P52293|AB	3oqs_B|Q9Y696|AB
3owt_A|P11938|AC=BC	3owt_C|P06701|AC=BC
3p4n_D|P01901|DC	3p4n_C|P03541|DC
3plu_A|Q6Q546|AC	3plu_C|Q12420|AC
3pth_A|P11940|AB	3pth_B|Q92615|AB
3qv1_A|P25856|AG=DG	3qv1_G|Q9LZP9|AG=DG
3rdv_A|P30622|AE	3rdv_E|Q9P270|AE
3ro2_A|Q8VDU0|AB	3ro2_B|Q14980|AB
3rwi_A|Q9GJ77|AC	3rwi_C|Q89490|AC
3rzx_A|P52293|AB	3rzx_B|P12956|AB
3sov_A|O75581|AZ	3sov_Z|Q9BQB4|AZ
3syn_A|Q01960|AE=BE	3syn_E|P40742|AE=BE
3t7g_A|P38862|AC	3t7g_C|P40344|AC
3tvt_A|P31007|AB	3tvt_B|Q9VB22|AB
3tz1_A|Q27428|AB	3tz1_B|Q7M3Y3|AB
3uvk_A|P61964|AB	3uvk_B|O14686|AB
3uvm_A|P61964|AB	3uvm_B|Q9UMN6|AB
3wa0_A|P46662|AG=BG	3wa0_G|Q9Y4B6|AG=BG
3zfw_A|O88448|AX	3zfw_X|Q8IWE5|AX
3zin_A|P52293|AB	3zin_B|Q9JIK5|AB
3zms_A|O60341|AC	3zms_C|Q01101|AC
3zzy_A|P26599|AC	3zzy_C|Q9CW46|AC
4a62_A|P11904|AC	4a62_C|P11906|AC
4a8x_A|Q15287|AB	4a8x_B|Q9VJ12|AB
4a8x_C|O55128|CB	4a8x_B|Q9VJ12|CB
4ak4_A|P18670|AB=CB=EB	4ak4_B|Q9S8T0|AB=CB=EB
4am9_A|O87496|AB	4am9_B|P37132|AB
4au2_A|C7C419|AE=BE	4au2_E|Q96A83|AE=BE
4b4n_A|A9PKC6|AB	4b4n_B|Q16630|AB
4bh6_F|P53197|FM	4bh6_M|Q08981|FM
4bj5_C|P11938|CD	4bj5_D|Q06208|CD
4bjt_A|P11938|AD=BD	4bjt_D|P29539|AD=BD
4bru_A|P39517|AB	4bru_B|P39998|AB
4bwq_A|P83876|AB	4bwq_B|O60828|AB
4bzi_A|P15303|AF	4bzi_F|P40482|AF
4cu4_A|P06971|AB	4cu4_B|Q9X2V7|AB
4cy1_B|P61964|BC	4cy1_C|Q7Z3B3|BC
4dxr_A|Q9UH99|AB	4dxr_B|Q8NF91|AB
4eoy_A|Q8IJK2|AD	4eoy_D|C0H519|AD
4eqf_A|Q8C437|AB	4eqf_B|O88703|AB
4ez1_B|Q8WSF8|BK=CK	4ez1_K|P69657|BK=CK
4ezr_A|P0A6Y8|AB	4ezr_B|P36193|AB
4f14_A|O76041|AB	4f14_B|A4UGR9|AB
4fbw_A|Q09683|AC=BC	4fbw_C|O43070|AC=BC
4fmo_A|P38920|AC	4fmo_C|P39875|AC
4gf3_A|Q7BTX0|AB	4gf3_B|P15273|AB
4ggd_A|Q12834|AC	4ggd_C|O60566|AC
4gxl_A|O00214|AB	4gxl_B|Q13137|AB
4ht6_A|Q02647|AB=CB	4ht6_B|P40960|AB=CB
4htv_A|P52293|AB	4htv_B|Q68SX0|AB
4hx1_A|P04439|AC	4hx1_C|P40126|AC
4i7z_C|P83793|CE	4i7z_E|P83795|CE
4i7z_F|P83796|FE	4i7z_E|P83795|FE
4ika_A|I3UIB4|AD	4ika_D|B2ZUN0|AD
4isq_C|Q9LBR1|CD	4isq_D|P21579|CD
4j73_A|P41811|AB	4j73_B|Q3T133|AB
4jhk_A|Q5EAQ1|AC	4jhk_C|Q7SXI8|AC
4jif_A|O14713|AB	4jif_B|O00522|AB
4jlq_A|Q92973|AB	4jlq_B|P32505|AB
4jmr_D|P14349|DE	4jmr_E|Q98830|DE
4jqv_A|P01889|AB	4jqv_B|Q3KSS8|AB
4k7f_A|P04439|AC	4k7f_C|Q9QAC5|AC
4kg9_A|Q93009|AB	4kg9_B|Q9BTE3|AB
4lgd_A|Q13188|AF=BF	4lgd_F|Q8WWW0|AF=BF
4m91_A|Q13454|AB	4m91_B|Q96SW2|AB
4mqv_A|P15927|AB	4mqv_B|Q9NZC9|AB
4n7z_A|O00444|AB	4n7z_B|Q8TEP8|AB
4n8v_A|P04439|AC	4n8v_C|Q76ZQ3|AC
4niq_A|P52917|AC	4niq_C|P40080|AC
4nut_A|P39990|AB	4nut_B|Q08932|AB
4nuu_A|P22290|AC=BC	4nuu_C|Q16570|AC=BC
4nxr_A|Q13009|AB	4nxr_B|P58401|AB
4odl_B|Q5SLE7|BC	4odl_C|P0A7V0|BC
4oyk_A|Q96EP0|AC	4oyk_C|Q96BN8|AC
4p1w_C|C5DFJ6|CG	4p1w_G|C5DB94|CG
4p5h_L|P01558|L1	4p5h_1|O88552|L1
4pby_A|Q09028|AC	4pby_C|Q13330|AC
4prb_A|C5MK56|AC	4prb_C|Q1HVF7|AC
4pvz_B|Q02821|BD	4pvz_D|Q03281|BD
4qru_A|P01889|AC	4qru_C|P03169|AC
4rqi_A|Q15554|AE	4rqi_E|Q9NYB0|AE
4rt4_A|Q9C005|AE=BE=DE	4rt4_E|P43132|AE=BE=DE
4rwv_A|O00482|AB	4rwv_B|P51843|AB
4s1z_D|P62987|DF=EF	4s1z_F|A6QP16|DF=EF
4utr_A|Q6DHI5|AC	4utr_C|P31327|AC
4ux9_A|P45983|AF	4ux9_F|O14733|AF
4uy8_S|P61175|S7	4uy8_7|P0AD89|S7
4wfd_A|Q12149|AC	4wfd_C|P47047|AC
4wfd_B|P38801|BC	4wfd_C|P47047|BC
4wjw_B|P40955|BP	4wjw_P|P29465|BP
4wnd_A|P81274|AB	4wnd_B|Q14CM0|AB
4wph_B|Q93009|BC	4wph_C|P08393|BC
4wv6_A|P52292|AB	4wv6_B|Q7Z7C8|AB
4x2h_A|G0SET4|AC	4x2h_C|G0SGL4|AC
4x3g_A|Q8IUQ4|AC	4x3g_C|O94966|AC
4xc2_A|O95166|AE	4xc2_E|Q86V97|AE
4xib_A|Q86YT6|AC	4xib_C|P10041|AC
4xif_A|O15294|AE	4xif_E|P08729|AE
4xst_E|P06213|EF	4xst_F|P15127|EF
4yoz_A|P28749|AB	4yoz_B|P03129|AB
4z68_A|Q9H2K2|AE	4z68_E|Q7Z6K5|AE
4zbj_B|Q6PI79|BD	4zbj_D|Q9NPG3|BD
5afp_B|P62168|BC	5afp_C|Q15835|BC
5ajn_A|Q10471|AP	5ajn_P|P98088|AP
5c5e_A|Q79PF6|AG=BG	5c5e_G|Q79PF4|AG=BG
5c6d_A|Q93009|AC	5c6d_C|Q96T88|AC
5c7e_A|Q5NBT9|AG	5c7e_G|Q38828|AG
5d9s_A|P04439|AC	5d9s_C|S7UWA0|AC
5e1b_A|Q9BV86|AD	5e1b_D|P18754|AD
5eay_B|P27694|BE=DE	5eay_E|P51530|BE=DE
5eg6_C|P31266|CR	5eg6_R|Q96K30|CR
5epp_A|P55072|AB	5epp_B|Q8TEB9|AB
5eta_A|Q16539|AC	5eta_C|B6KJB6|AC
5eyk_A|Q6DE08|AD	5eyk_D|O13024|AD
5ez0_A|P29074|AE=CE	5ez0_E|B5MDL5|AE=CE
5f5o_A|Q6UY69|AB	5f5o_B|Q6UY68|AB
5f5u_D|G0S1D3|DF	5f5u_F|G0S6R0|DF
5fc8_E|P52293|EC	5fc8_C|B6VDJ7|EC
5gg4_A|Q93009|AE	5gg4_E|Q8NCN4|AE
5gim_B|P00734|BC	5gim_C|Q6F3E8|BC
5gk9_A|O95251|AB	5gk9_B|O95696|AB
5gmj_B|Q99JX3|BC	5gmj_C|Q9JI59|BC
5gr8_A|Q9SSL9|AJ	5gr8_J|Q9LV87|AJ
5gsa_A|O75530|AC	5gsa_C|Q15910|AC
5gtu_A|Q9UBQ0|AB	5gtu_B|Q92609|AB
5h43_A|P52292|AB	5h43_B|Q9H7Z6|AB
5h5z_A|Q65XY8|AC	5h5z_C|Q91DR9|AC
5h7y_A|Q9I3K3|AB	5h7y_B|Q9I3K2|AB
5h9d_A|Q2FYG6|AK	5h9d_K|Q2FYG4|AK
5heb_A|P31016|AB	5heb_B|Q792Q4|AB
5huy_C|P52293|CA	5huy_A|D3YRZ5|CA
5ixf_A|O75886|AB	5ixf_B|O95630|AB
5j8h_A|P0DP23|AB	5j8h_B|O00418|AB
5jcy_A|Q9Y4I1|AB	5jcy_B|Q8WWL2|AB
5jiu_A|Q96S59|AC	5jiu_C|Q61496|AC
5jqa_A|P0DP23|AB	5jqa_B|Q15746|AB
5jqy_A|Q12797|AB	5jqy_B|P00742|AB
5jtm_A|P0AG86|AE	5jtm_E|P00634|AE
5k2m_G|Q5JFW0|GK	5k2m_K|Q5JFV9|GK
5kgf_G|P0C0S8|GK	5kgf_K|Q12888|GK
5kgf_H|P62807|HK	5kgf_K|Q12888|HK
5kgf_O|P0CG47|OK	5kgf_K|Q12888|OK
5lm5_A|P25644|AC	5lm5_C|P53550|AC
5lmx_G|P46669|GD	5lmx_D|P50106|GD
5m5r_A|P49951|AC	5m5r_C|P63010|AC
5m5u_A|P49951|AE	5m5u_E|P0C6L6|AE
5m9e_A|Q10113|AE=BE=CE=DE	5m9e_E|Q09933|AE=BE=CE=DE
5mjy_A|Q9H3S7|AE=CE	5mjy_E|O95405|AE=CE
5mmj_s|P06508|s0	5mmj_0|P82249|s0
5n70_A|V5HCK7|AB	5n70_B|A4GTA5|AB
5naf_A|Q8BHJ5|AE	5naf_E|Q9Z2D6|AE
5nc2_A|Q8N8S7|AI	5nc2_I|P33379|AI
5nqv_A|Q94AI7|AE	5nqv_E|Q9ZSY8|AE
5o3w_A|R4P353|AW	5o3w_W|F6LNL5|AW
5sup_B|Q07478|BG	5sup_G|Q12159|BG
5sv1_E|P0ABU7|EY	5sv1_Y|P0ABV2|EY
5t6j_A|Q04477|AC	5t6j_C|P40568|AC
5t6j_B|P40014|BC	5t6j_C|P40568|BC
5u5p_A|P52293|AB	5u5p_B|P40692|AB
5uul_A|Q16548|AB	5uul_B|Q9BXH1|AB
5uws_C|P30822|CD	5uws_D|O96018|CD
5uwt_C|P30822|CD	5uwt_D|P04807|CD
5v1v_A|D1CIZ5|AC	5v1v_C|D1CIZ1|AC
5vqi_B|Q9C2K9|BA	5vqi_A|P19212|BA
5vtb_A|Q09028|AB	5vtb_B|Q9H165|AB
5vyo_A|Q63Y08|AE=BE	5vyo_E|Q63RY4|AE=BE
5w4f_B|P52293|BA	5w4f_A|Q9NP87|BA
5w6a_A|P10321|AE	5w6a_E|Q9NY61|AE
5we0_A|O13852|AB	5we0_B|O14246|AB
5wrd_A|Q9CQV6|AC	5wrd_C|Q8VDC1|AC
5wxm_A|P32899|AU	5wxm_U|P47083|AU
5x6c_A|Q59054|AE=BE	5x6c_E|Q58876|AE=BE
5xa5_A|P90947|AB	5xa5_B|O44326|AB
5xgl_A|Q8WSF8|AC=BC	5xgl_C|L8BU87|AC=BC
5xln_A|O60573|AB	5xln_B|P26639|AB
5xtb_Q|O75306|QW	5xtb_W|Q9P0J0|QW
5xyf_A|Q9BSI4|AC	5xyf_C|Q15554|AC
5yba_A|A2DT06|AB	5yba_B|Q58HP2|AB
5ypz_A|Q93I73|AD=CD	5ypz_D|Q93I65|AD=CD
5yv5_A|I6V0C7|AB	5yv5_B|Q8TZJ7|AB
5zgb_B|Q85FY6|BM	5zgb_M|Q85G73|BM
5zqv_A|P62137|AE=BE	5zqv_E|Q16821|AE=BE
5zut_A|P15873|AE	5zut_E|Q5T4P3|AE
5zz9_B|Q9QWW1|BD	5zz9_D|Q16643|BD
6a38_C|P30822|CD	6a38_D|P0DJZ2|CD
6a5e_A|Q9SCZ4|AE	6a5e_E|Q9LUS7|AE
6a5e_C|Q6NLF4|CE	6a5e_E|Q9LUS7|CE
6b23_A|A4ZFB3|Aa	6b23_a|O54465|Aa
6b9h_A|Q86VS8|AB	6b9h_B|Q9Y6G9|AB
6bvv_A|O00629|AB	6bvv_B|P0C1C7|AB
6d94_A|P37231|AB	6d94_B|Q15648|AB
6e5n_B|Q9UM54|BA	6e5n_A|P09496|BA
6ef0_I|P40327|Is	6ef0_s|P07818|Is
6ef0_L|P53549|Ls	6ef0_s|P07818|Ls
6ewo_A|P04439|AC	6ewo_C|O15061|AC
6ezi_A|Q5T2W1|AB	6ezi_B|Q16348|AB
6f55_A|Q1G1I6|AB	6f55_B|A0A1D5PXA5|AB
6f9i_B|Q91YS4|BC	6f9i_C|Q9EPL2|BC
6fad_A|Q96SB4|AE	6fad_E|P10238|AE
6fey_B|Q09024|BE	6fey_E|Q7KUD5|BE
6fkq_A|O95631|AB	6fkq_B|Q8NBI3|AB
6gd5_A|P0ADV1|AB	6gd5_B|P55788|AB
6ggm_A|P13747|AP	6ggm_P|P9WGR1|AP
6gtv_A|A0A0R4I961|AB	6gtv_B|A0A140UH97|AB
6h7b_A|E9AFX7|AB=CB	6h7b_B|Q4Q7R3|AB=CB
6hl6_A|Q9NWT6|AS	6hl6_S|Q8WUF5|AS
6hol_A|Q9H0R8|AC	6hol_C|Q6ZNE5|AC
6hpg_A|F4KCL7|Aa	6hpg_a|O03986|Aa
6iqj_A|Q42418|AC=BC	6iqj_C|Q9SE97|AC=BC
6j69_A|Q5SXA9|AB	6j69_B|Q80TS7|AB
6j9l_A|A0A425B3G2|AE=BE	6j9l_E|A0Q5Y3|AE=BE
6j9m_B|A0A425B3G2|BF=EF	6j9m_F|C9X1G5|BF=EF
6jq2_A|P01901|AP	6jq2_P|P42867|AP
6jx3_B|Q47QT5|BA	6jx3_A|A0A5H1ZR43|BA
6kac_B|P37255|BU	6kac_U|A8I5A0|BU
6kac_D|P06007|DU	6kac_U|A8I5A0|DU
6kac_E|P48268|EU	6kac_U|A8I5A0|EU
6kbb_B|Q16778|BE	6kbb_E|P38326|BE
6kpb_C|Q9LPR8|CB	6kpb_B|Q700D2|CB
6l7c_A|P0AEA2|AS=BS	6l7c_S|P28307|AS=BS
6lu1_A|P0A405|AF	6lu1_F|P0A401|AF
6lyq_A|P0A940|AO	6lyq_O|P0A921|AO
6m24_A|P06140|AC	6m24_C|P27410|AC
6mhf_A|P08753|AC	6mhf_C|Q3V6T2|AC
6mue_A|P0DP23|AB	6mue_B|P15390|AB
6myd_A|Q6IWL4|AB	6myd_B|E7F4N7|AB
6oyl_A|Q13362|AB	6oyl_B|O95239|AB
6ppe_K|P0A6G7|K1=L1	6ppe_1|P0A6H1|K1=L1
6pu1_A|P12493|AB	6pu1_B|P53992|AB
6qnn_A|Q00610|AB	6qnn_B|Q9NYZ3|AB
6qtx_A|P43254|AB	6qtx_B|Q9SK53|AB
6r2i_A|O94901|AB	6r2i_B|Q8N6L0|AB
6r7w_A|G8ULV1|AB	6r7w_B|G8ULV2|AB
6rrc_C|Q8WVM7|CB	6rrc_B|O60216|CB
6s3w_A|P50600|AB	6s3w_B|P50601|AB
6sat_A|Q8NNN6|AP=BP	6sat_P|P94337|AP=BP
6ta7_D|Q13283|DG=EG	6ta7_G|Q14444|DG=EG
6tkg_H|P00734|HI	6tkg_I|O97373|HI
6ttk_A|Q53G59|AE	6ttk_E|O14640|AE
6u3o_E|O19705|EI	6u3o_I|Q9HX82|EI
6u3o_F|O19712|FI	6u3o_I|Q9HX82|FI
6uuq_A|Q08209|AB	6uuq_B|P53805|AB
6wi9_R|P47872|RP	6wi9_P|P09683|RP
6wjq_A|P61964|AC	6wjq_C|O15530|AC
6wzy_A|P01899|AC	6wzy_C|P03468|AC
6x2p_C|P30822|CD	6x2p_D|Q02750|CD
6xfk_A|P0CL43|AB	6xfk_B|P35672|AB
6xqa_A|A0A5H2UYS3|AC	6xqa_C|Q9QLL6|AC
6y9q_B|Q80VW5|BD	6y9q_D|Q4KMQ1|BD
6yld_A|A0A369S2N9|AB=CB	6yld_B|A0A369S334|AB=CB
6yn0_A|P02919|AB	6yn0_B|P29131|AB
6zym_A|Q6P2Q9|As	6zym_s|Q9ULR0|As
7a23_M|P93313|Ml	7a23_l|Q9SIQ8|Ml
7a23_a|P29388|ah	7a23_h|Q8LDK3|ah
7a23_a|P29388|al	7a23_l|Q9SIQ8|al
7a23_t|Q9M9R9|th	7a23_h|Q8LDK3|th
7ad3_A|D6VTK4|AI	7ad3_I|P01149|AI
7ad9_B|P68135|BA	7ad9_A|Q08641|BA
7aqq_M|P93313|ML	7aqq_L|P29388|ML
7aqq_N|O05000|NL	7aqq_L|P29388|NL
7aqq_O|Q9SRR8|OL	7aqq_L|P29388|OL
7aqw_g|Q9SLC8|gi	7aqw_i|Q9FYF8|gi
7aqw_p|Q94C12|pi	7aqw_i|Q9FYF8|pi
7arh_E|P75958|EV	7arh_V|P69776|EV
7bg8_C|Q80AG2|CD	7bg8_D|Q6SQI6|CD
7bp6_D|Q9LQQ4|DA	7bp6_A|Q9CA59|DA
7bri_A|P18910|AL=BL	7bri_L|P28374|AL=BL
7bv4_A|O95166|AC=EC	7bv4_C|P56962|AC=EC
7cmz_A|Q92547|AB	7cmz_B|Q9UPP1|AB
7d8d_A|P38340|AD	7d8d_D|Q3E792|AD
7e1s_C|B5Z7D6|CD	7e1s_D|B5Z6T1|CD
7e1t_A|P51151|AD=BD	7e1t_D|Q9NXR1|AD=BD
7e87_C|Q9NZV8|CE	7e87_E|P42658|CE
7ev8_A|P06159|AB	7ev8_B|P06162|AB
7fb5_A|Q9DCD6|AB	7fb5_B|Q9H6L5|AB
7jhx_A|Q9H0R8|AC	7jhx_C|Q9HCE0|AC
7k7h_E|Q8Z6A3|EG	7k7h_G|A0A4Z0MXD9|EG
7ko4_L|P68137|LY	7ko4_Y|P42639|LY
7mhz_A|Q5VTY9|AB	7mhz_B|Q15465|AB
7mj6_A|A0A140T913|AC	7mj6_C|Q8WX77|AC
7n2n_A|A3F718|AC	7n2n_C|O43395|AC
7n9h_C|P52292|CA	7n9h_A|Q13148|CA
7nkl_d|A0R203|dD	7nkl_D|A0R200|dD
7ovx_A|Q9C029|AQ	7ovx_Q|P46976|AQ
7ow2_A|Q9C029|AE	7ow2_E|Q5TA31|AE
7pll_A|Q60598|AB	7pll_B|Q14289|AB
7q42_A|O95714|AB	7q42_B|Q9UIF8|AB
7q43_A|O95714|AB	7q43_B|Q96BY6|AB
7qdw_A|Q8I2Y4|AB	7qdw_B|Q8IK99|AB
7qh7_W|Q9P0M9|Wf	7qh7_f|Q96GC5|Wf
7qhm_A|Q79VE8|AM	7qhm_M|P42461|AM
7qhm_H|Q8NMB4|HM	7qhm_M|P42461|HM
7qoj_I|A0A385DVM6|IK	7qoj_K|A0A385DVT1|IK
7qqy_A|P53242|AB	7qqy_B|P38167|AB
7r4f_M|P03910|MY	7r4f_Y|Q8HXG6|MY
7r4f_N|P03892|NY	7r4f_Y|Q8HXG6|NY
7r5v_O|Q9BU64|OR	7r5v_R|Q13352|OR
7s2t_A|Q1D6H4|AF	7s2t_F|Q1D6H3|AF
7sfy_A|Q9NYP9|AF=EF	7sfy_F|O43482|AF=EF
7smk_A|O85040|AC	7smk_C|O85042|AC
7smk_B|P45686|BC	7smk_C|O85042|BC
7svu_A|A0A8J0PCL3|Aa	7svu_a|A0A979HMQ2|Aa
7szi_C|D6QLY0|CD	7szi_D|A0A2X1SF68|CD
7t2a_A|P20036|AC	7t2a_C|Q04IN8|AC
7t2a_B|P04440|BC	7t2a_C|Q04IN8|BC
7t5m_A|Q861F7|AE	7t5m_E|Q6UWB1|AE
7tmx_I|P52293|IA	7tmx_A|Q96FI4|IA
7tzk_A|Q12929|AC	7tzk_C|B7ULW4|AC
7u21_A|A0A140T913|AC	7u21_C|Q15124|AC
7urd_A|Q9H237|AB	7urd_B|P56704|AB
7vcq_A|P84243|AK	7vcq_K|P30117|AK
7vcq_B|P62805|BK	7vcq_K|P30117|BK
7vec_A|O95166|AM	7vec_M|Q9Y6I9|AM
7wq3_R|P47211|RL	7wq3_L|P22466|RL
7wts_J|P46781|Je	7wts_e|P62861|Je
7x00_A|F4NC28|AC	7x00_C|P03203|AC
7x5c_A|A0PGB2|AB	7x5c_B|D2CVN8|AB
7xfg_A|Q09472|AB	7xfg_B|Q86Y26|AB
7xhn_K|Q9BS16|Ko	7xhn_o|Q9BU64|Ko
7xk8_R|Q9GZQ4|RP	7xk8_P|P48645|RP
7y1f_R|P41145|RF	7y1f_F|P01213|RF
7y8w_A|Q22799|AE=BE=DE	7y8w_E|C6KRN1|AE=BE=DE
7yjm_D|Q9C5I0|DE	7yjm_E|Q94IB8|DE
7yk5_H|Q9TK52|Ha	7yk5_a|B7GCF7|Ha
7ynj_A|P31639|AB	7ynj_B|Q13113|AB
7zw4_A|P26039|AB	7zw4_B|Q8WXE0|AB
7zy4_A|Q12996|AC	7zy4_C|Q6UN15|AC
8a5m_A|Q9C029|AC	8a5m_C|Q80J95|AC
8cd3_B|Q14160|BA	8cd3_A|Q6UXZ0|BA
8cmk_A|Q9Y5L0|AC=BC	8cmk_C|Q14011|AC=BC
8dk9_A|G7CIP4|AE	8dk9_E|P9WNT3|AE
8ese_Z|Q9UBQ0|ZX	8ese_X|Q7Z3J2|ZX
8fcn_A|P55072|AG	8fcn_G|Q9BZV1|AG
8fu4_A|Q53Z42|AC	8fu4_C|P09727|AC
8fud_A|Q9QZ88|AC	8fud_C|G0SH11|AC
8fuf_A|O15294|AB	8fuf_B|Q5JPB2|AB
8g1u_A|O14744|AD	8g1u_D|P83369|AD
8g8q_A|P52293|AB	8g8q_B|Q00653|AB
8g94_A|P21453|AF	8g94_F|Q07108|AF
8ghm_G|P32479|GD	8ghm_D|P47171|GD
8ghm_L|Q01448|LD	8ghm_D|P47171|LD
8gtx_A|Q9Y657|AB	8gtx_B|Q69607|AB
8gu7_A|Q8CDJ3|AD	8gu7_D|A8MW95|AD
8jmj_C|O25759|CK	8jmj_K|O25758|CK
8jzd_A|P0AF26|AB	8jzd_B|P09152|AB
8jzv_A|P27694|AB	8jzv_B|Q9NY74|AB
8k42_R|B4Y048|Rr	8k42_r|Q9YWN5|Rr
8k4d_A|Q8N3U4|AC	8k4d_C|Q71F23|AC
8odt_C|P0ABU9|CF=DF=EF	8odt_F|P0ABV6|CF=DF=EF
8p9o_A|G0SF70|AP	8p9o_P|G0S636|AP
8q7k_A|Q9GZQ8|AC	8q7k_C|Q8WZA9|AC
8q7q_A|Q6P2Q9|AH	8q7q_H|Q9Y5U2|AH
8qns_A|Q9Z0X1|AM	8qns_M|Q8VEA4|AM
8qqf_A|Q9NUY8|AB	8qqf_B|O14662|AB
8qxw_A|P52293|AB	8qxw_B|P16790|AB
8r64_B|Q6PIW4|BG=CG=DG=EG	8r64_G|Q06609|BG=CG=DG=EG
8rbm_A|C1DMA8|AB	8rbm_B|C1DMA7|AB
8s9i_A|P32270|AG	8s9i_G|P03695|AG
8sbk_A|A0A5H2UYS3|AC	8sbk_C|Q2TAZ0|AC
8tbp_A|P01903|AE	8tbp_E|P63162|AE
8tbp_B|P01911|BE	8tbp_E|P63162|BE
8tbv_A|Q53Z42|AC	8tbv_C|Q9Y343|AC
8u2y_B|O14686|BA	8u2y_A|O43151|BA
8ugb_B|P23439|BC	8ugb_C|P04972|BC
8vd8_A|A4ZFA8|AB	8vd8_B|A4ZFB5|AB
8vjo_A|Q1D6H4|AF	8vjo_F|Q1D9P3|AF
8wms_A|Q96T88|AB	8wms_B|Q6W0C5|AB
8wx5_A|Q8N697|AB	8wx5_B|Q9HAI6|AB
8ym2_A|Q8BIZ1|AB	8ym2_B|Q9QUH6|AB
9atn_A|O14686|AB	9atn_B|Q76L83|AB
9ck0_A|P37231|AB	9ck0_B|Q15653|AB
9f42_E|Q8N122|EG	9f42_G|Q9HCC9|EG
9gag_A|P50542|AB	9gag_B|O75381|AB
