1b8h_B|O80164|BD	1b8h_D|Q38087|BD
1ca9_A|Q12933|AG	1ca9_G|P20333|AG
1d8d_B|Q02293|BP	1d8d_P|P01116|BP
1dt7_A|P04631|AX	1dt7_X|P04637|AX
1ejl_I|P52293|IA=IB	1ejl_A|P03070|IA=IB
1fll_A|Q13114|AX	1fll_X|P25942|AX
1fo0_B|P04214|BP	1fo0_P|Q8CDD8|BP
1g1e_B|Q60520|BA	1g1e_A|Q05195|BA
1hxy_D|P0A0M0|DC	1hxy_C|Q03909|DC
1j19_A|P26043|AB	1j19_B|P35330|AB
1jdp_A|P17342|AH	1jdp_H|P23582|AH
1jmq_A|P46937|AP	1jmq_P|Q96G27|AP
1jmt_A|Q01081|AB	1jmt_B|P26368|AB
1jpl_A|Q9NZ52|AE	1jpl_E|P11717|AE
1k3a_A|P08069|AB	1k3a_B|P35568|AB
1k7l_A|Q07869|AB	1k7l_B|Q15788|AB
1l2z_A|O95400|AB	1l2z_B|P06729|AB
1lj2_A|P03536|AC=AD	1lj2_C|Q04637|AC=AD
1m06_F|P08767|FJ	1m06_J|P69548|FJ
1m4p_A|Q99816|AB	1m4p_B|Q9IF21|AB
1mqs_A|P22213|AB	1mqs_B|Q01590|AB
1muj_A|P14434|AC	1muj_C|P04233|AC
1mv0_B|O00499|BA	1mv0_A|P01106|BA
1n4m_A|P06400|AC	1n4m_C|Q14209|AC
1nx0_A|P04574|AC	1nx0_C|P12675|AC
1ok7_B|P0A988|BC	1ok7_C|Q47155|BC
1om2_A|Q62760|AB	1om2_B|P11884|AB
1oqd_E|Q9Y275|EN	1oqd_N|Q02223|EN
1r2b_A|P41182|AC=AD	1r2b_C|Q9Y618|AC=AD
1r5i_D|Q48898|DC	1r5i_C|P11133|DC
1t6o_A|Q77M42|AB	1t6o_B|Q77M43|AB
1vyt_B|P54287|BF	1vyt_F|P22002|BF
1w70_A|Q15080|AC	1w70_C|P14598|AC
1wlp_B|P14598|BA	1wlp_A|P13498|BA
1xls_E|O35627|EM	1xls_M|Q9WUI9|EM
1yy6_A|Q93009|AB	1yy6_B|P03211|AB
1yyp_A|P16790|AB	1yyp_B|P08546|AB
1z7z_3|Q7T7N6|34	1z7z_4|P22055|34
1zuk_A|P47068|AC	1zuk_C|Q12446|AC
1zy3_A|Q92843|AB	1zy3_B|P55957|AB
2a25_A|Q8IUQ4|AB	2a25_B|Q9HB71|AB
2a7u_B|P0ABA5|BA	2a7u_A|P0ABB2|BA
2ain_A|P55196|AB	2ain_B|P11274|AB
2bec_A|O43745|AB	2bec_B|P19634|AB
2drk_A|P19706|AB	2drk_B|P90630|AB
2dyf_A|O75400|AB	2dyf_B|P47068|AB
2dze_A|O74515|AX	2dze_X|P09988|AX
2e74_E|P83795|EH	2e74_H|P83798|EH
2e76_G|P83797|GH	2e76_H|P83798|GH
2f8e_X|Q0QEE0|XA	2f8e_A|Q9DS05|XA
2f9j_B|Q9Y3B4|BQ	2f9j_Q|O75533|BQ
2fo4_A|Q3UBW0|AP	2fo4_P|P15941|AP
2fym_A|P0A6P9|AB	2fym_B|P21513|AB
2h1c_A|Q5F882|AB	2h1c_B|Q5F881|AB
2ho2_A|O00213|AB	2ho2_B|Q8N8S7|AB
2hug_A|O22265|AB	2hug_B|P37107|AB
2ipu_K|A2NHM3|KP	2ipu_P|P05067|KP
2j6f_A|Q9Y5K6|AC	2j6f_C|Q13191|AC
2jby_A|Q85295|AB	2jby_B|Q16611|AB
2jdl_A|P09989|AC	2jdl_C|P05387|AC
2jgb_A|O60573|AB	2jgb_B|Q13541|AB
2jmx_A|P13621|AB	2jmx_B|P19483|AB
2jup_W|Q8CGF7|WP	2jup_P|Q05860|WP
2jw1_A|P0A1X2|AB	2jw1_B|Q04641|AB
2jz3_C|P83940|CA	2jz3_A|O35718|CA
2krb_A|P55884|AB	2krb_B|O75822|AB
2lcs_A|Q12163|AB	2lcs_B|Q03497|AB
2leh_A|O14893|AB	2leh_B|Q16637|AB
2lsi_A|Q9UBZ9|AB	2lsi_B|Q9UBT6|AB
2m41_B|P54253|BA	2m41_A|Q96RK0|BA
2mkc_A|P40565|AB	2mkc_B|Q07930|AB
2msr_B|O75475|BA	2msr_A|Q03164|BA
2nm1_A|P10844|AB	2nm1_B|P29101|AB
2nnu_A|P03120|AB	2nnu_B|O60885|AB
2nud_A|P13835|AC	2nud_C|Q8GYN5|AC
2os6_A|Q9NZN5|AB	2os6_B|O43157|AB
2p1n_B|Q570C0|BC	2p1n_C|Q38825|BC
2peh_A|Q96I25|AC	2peh_C|O75533|AC
2pv1_A|P0ABZ6|AB	2pv1_B|Q2RHX9|AB
2qiy_A|P53741|AC	2qiy_C|Q01477|AC
2r02_A|Q8WUM4|AB	2r02_B|Q9WC62|AB
2rol_A|Q8TE68|AB	2rol_B|P07766|AB
2vda_A|P10408|AB	2vda_B|Q8CVI4|AB
2vr3_A|Q2G015|AC	2vr3_C|P02679|AC
2w6i_G|P05631|GI	2w6i_I|P05632|GI
2w84_A|O75381|AB	2w84_B|P50542|AB
2ww9_A|P38353|AC	2ww9_C|P52871|AC
2xpn_A|Q8SUS7|AB	2xpn_B|Q8SRG7|AB
2xze_A|O95630|AQ=AR	2xze_Q|Q9Y3E7|AQ=AR
2ych_A|Q72IW8|AB	2ych_B|Q72IW7|AB
2zne_A|O75340|AC	2zne_C|Q8WUM4|AC
2zt9_C|Q93SW9|CH	2zt9_H|P61048|CH
2zt9_F|P0A3Y1|FH	2zt9_H|P61048|FH
3a0b_K|P19054|KY	3a0b_Y|D0VWR3|KY
3ajb_A|P56589|AB	3ajb_B|P40855|AB
3ayu_A|P08253|AB	3ayu_B|P05067|AB
3b8e_A|P05024|AG	3b8e_G|Q58K79|AG
3c0t_A|O14198|AB	3c0t_B|O94646|AB
3c2g_A|Q9XVI2|AC	3c2g_C|Q10666|AC
3c5j_B|B8YAC7|BC	3c5j_C|Q05639|BC
3c66_A|P29468|AC	3c66_C|P45976|AC
3cm8_A|Q9EA60|AB	3cm8_B|Q9WLS3|AB
3cyy_A|Q07157|AC=AD	3cyy_C|P08050|AC=AD
3dda_A|P0DPI1|AB	3dda_B|P60880|AB
3dkt_A|Q9WZP2|AK	3dkt_K|Q9WZP3|AK
3hym_B|Q13042|BA	3hym_A|Q8NHZ8|BA
3kl4_A|Q97ZE7|AB	3kl4_B|P18962|AB
3l81_A|O00189|AB	3l81_B|P05067|AB
3lcn_A|P32505|AC	3lcn_C|Q04839|AC
3ll8_A|Q08209|AE	3ll8_E|P24588|AE
3mhp_A|P10933|AC	3mhp_C|Q8SKU2|AC
3n5u_A|P62136|AC	3n5u_C|P06400|AC
3n9z_A|P05108|AC	3n9z_C|P10109|AC
3nfk_A|P29074|AC	3nfk_C|P03524|AC
3ntw_A|Q62671|AB	3ntw_B|Q9H074|AB
3ogk_B|O04197|BQ	3ogk_Q|Q9LMA8|BQ
3pcs_A|Q7DB50|AE	3pcs_E|Q13177|AE
3pe4_A|O15294|AB	3pe4_B|P68400|AB
3qbr_A|Q5BWX6|AB	3qbr_B|Q16611|AB
3r42_A|P25604|AB	3r42_B|P40343|AB
3r9i_A|P0AEZ3|AE=AF	3r9i_E|P0A734|AE=AF
3s9c_A|P18965|AB	3s9c_B|P12259|AB
3si5_A|O60566|AX	3si5_X|Q8NG31|AX
3soq_A|O75581|AZ	3soq_Z|O94907|AZ
3tdi_A|Q12395|AD	3tdi_D|P52491|AD
3ulr_B|Q60598|BC	3ulr_C|P42684|BC
3uly_A|Q5VW32|AB	3uly_B|Q9NZZ3|AB
3viv_A|O59179|AC	3viv_C|O59180|AC
3wgx_A|Q8NBS9|AC	3wgx_C|O08807|AC
3zfw_A|O88448|AX	3zfw_X|Q8IWE5|AX
4a1g_A|O43683|AE=AH	4a1g_E|Q8NG31|AE=AH
4a8x_A|Q15287|AB	4a8x_B|Q9VJ12|AB
4aph_A|P12821|AP	4aph_P|P01019|AP
4bos_A|Q5VVQ6|AF	4bos_F|P0CG48|AF
4bru_A|P39517|AB	4bru_B|P39998|AB
4bwq_A|P83876|AB	4bwq_B|O60828|AB
4bxf_A|Q8IUF8|AC	4bxf_C|P46776|AC
4bzi_A|P15303|AF	4bzi_F|P40482|AF
4cc9_A|Q9Y4B6|AC	4cc9_C|Q9Y3Z3|AC
4ch9_A|Q9UH77|AC	4ch9_C|Q96J92|AC
4chg_A|P9WF97|AG=AH	4chg_G|P9WLM7|AG=AH
4cu4_A|P06971|AB	4cu4_B|Q9X2V7|AB
4faj_A|Q51643|AB	4faj_B|P20104|AB
4fbw_A|Q09683|AC	4fbw_C|O43070|AC
4fwf_A|Q8NB78|AE	4fwf_E|P68431|AE
4g5q_A|P63096|AE=AG	4g5q_E|Q8VDU0|AE=AG
4g91_B|Q5B5Z6|BA	4g91_A|P87249|BA
4gao_A|Q6PH85|AF	4gao_F|P61081|AF
4gba_A|Q8IWE4|AF	4gba_F|Q969M7|AF
4geq_B|Q04477|BF	4geq_F|P43618|BF
4hom_A|P15145|AB	4hom_B|P20366|AB
4hre_A|P07356|AG	4hre_G|Q14527|AG
4isq_A|Q9LBR1|AE=AF	4isq_E|P21579|AE=AF
4j09_A|P0A722|AB	4j09_B|P39352|AB
4jhj_A|Q5EAQ1|AC=AD	4jhj_C|Q7ZU28|AC=AD
4kmd_A|Q9UMX1|AB	4kmd_B|P08151|AB
4mbe_D|P06704|DX	4mbe_X|P20676|DX
4mmy_A|P06756|AC	4mmy_C|P02751|AC
4n1a_A|D1A4G7|AG	4n1a_G|D1A4H0|AG
4nge_A|Q5JRX3|AB	4nge_B|P05067|AB
4nuu_A|P22290|AC	4nuu_C|Q16570|AC
4oar_A|P06401|AB	4oar_B|Q9Y618|AB
4oh4_A|O22476|AE	4oh4_E|Q9FMZ0|AE
4p1w_C|C5DFJ6|CG	4p1w_G|C5DB94|CG
4p5h_A|P01558|AP	4p5h_P|O88552|AP
4qmg_A|Q7KZF4|AF=AJ	4qmg_F|Q86UE4|AF=AJ
4riq_A|Q9C005|AC	4riq_C|Q9UBL3|AC
4rku_L|E1C9L1|LI	4rku_I|P17227|LI
4txq_A|Q9NP79|AC	4txq_C|Q7LBR1|AC
4ui9_O|Q9UJX4|OU	4ui9_U|Q9UKT4|OU
4uqy_A|Q9I746|AB	4uqy_B|Q9I749|AB
4v1t_A|A0YXD2|AC	4v1t_C|A0MHA3|AC
4wjv_A|P25382|AK	4wjv_K|P40078|AK
4wnl_A|P36068|AH	4wnl_H|B5VE90|AH
4x2h_A|G0SET4|AC	4x2h_C|G0SGL4|AC
4xi7_A|Q86YT6|AC	4xi7_C|P78504|AC
4zox_A|P35184|AB	4zox_B|P41805|AB
4zuh_A|R4JK63|AC	4zuh_C|P0C6X7|AC
5aer_A|P62168|AB=AC	5aer_B|P14416|AB=AC
5awt_A|Q9BQI5|AB	5awt_B|P42566|AB
5c5e_A|Q79PF6|AG=AH	5c5e_G|Q79PF4|AG=AH
5cfc_B|E3TMG8|BD	5cfc_D|C3U5A3|BD
5cqx_B|P0AE70|BC	5cqx_C|P0AE72|BC
5dah_A|P55197|AD	5dah_D|P68431|AD
5drv_A|Q9UN86|AB	5drv_B|P08411|AB
5e2q_A|Q9NY33|AB	5e2q_B|P01019|AB
5f0l_C|O60493|CD	5f0l_D|P49281|CD
5fur_J|P49848|JL	5fur_L|Q7Z7C8|JL
5g04_L|Q9UM13|LS	5g04_S|P34244|LS
5gtb_A|Q9FIG9|AB	5gtb_B|Q9XII1|AB
5h7l_A|O59521|AE	5h7l_E|O57705|AE
5h7p_A|Q06263|AB	5h7p_B|P69771|AB
5h9d_A|Q2FYG6|AK	5h9d_K|Q2FYG4|AK
5i7z_A|O97111|AB	5i7z_B|Q9BUF7|AB
5ig9_A|B2G3D0|AI	5ig9_I|B2G3C8|AI
5iro_D|Q8BEL5|DF	5iro_F|P14079|DF
5jge_D|P35193|DF	5jge_F|P14904|DF
5jiu_A|Q96S59|AC	5jiu_C|Q61496|AC
5jp2_A|A0A0R4IA99|AE	5jp2_E|P42566|AE
5kgf_C|P0C0S8|CL	5kgf_L|Q12888|CL
5lmx_G|P46669|GD	5lmx_D|P50106|GD
5lsj_A|Q9H081|AP	5lsj_P|Q03188|AP
5lsj_G|Q96IY1|GQ	5lsj_Q|Q03188|GQ
5m72_A|O76094|AB	5m72_B|Q9UHB9|AB
5m9e_A|Q10113|AE=AF=AH	5m9e_E|Q09933|AE=AF=AH
5mrw_A|P03959|AD	5mrw_D|P36937|AD
5nc2_A|Q8N8S7|AI	5nc2_I|P33379|AI
5o5j_S|A0QSD5|Sg	5o5j_g|A0R215|Sg
5o8k_A|Q9D752|AB	5o8k_B|O60673|AB
5ooq_A|P47047|AC	5ooq_C|Q12080|AC
5tuv_A|Q14186|AC	5tuv_C|P28749|AC
5tzq_A|Q9J5G4|AD	5tzq_D|A9XRG9|AD
5v8z_A|P30040|AB	5v8z_B|E2RA18|AB
5vao_A|Q77DJ5|AF	5vao_F|O72142|AF
5vaq_A|Q86Z14|AC	5vaq_C|Q9NSA1|AC
5vmo_A|Q5GAF0|AB	5vmo_B|B8JK68|AB
5vyo_A|Q63Y08|AE=AF	5vyo_E|Q63RY4|AE=AF
5vzu_B|Q5XUX0|BE	5vzu_E|P24385|BE
5w5c_A|P63045|AE	5w5c_E|P63041|AE
5yv5_A|I6V0C7|AB	5yv5_B|Q8TZJ7|AB
5zz9_A|Q9QWW1|AE	5zz9_E|Q16643|AE
6akl_A|Q9BRV8|AC	6akl_C|Q13033|AC
6am0_B|Q6CPV9|BC	6am0_C|Q6CYC5|BC
6am0_D|Q6CX48|DG	6am0_G|Q6CYC5|DG
6dei_A|P25651|AC	6dei_C|Q08729|AC
6ef0_L|P53549|Ls	6ef0_s|P07818|Ls
6ef3_2|P25043|2n	6ef3_n|P30657|2n
6eop_A|Q6V1X1|AD	6eop_D|P63165|AD
6epe_S|A6HIT6|SY	6epe_Y|D3ZHW9|SY
6fbx_A|Q8UWD5|AB	6fbx_B|Q4V925|AB
6gvk_A|P16144|AB	6gvk_B|Q03001|AB
6gy5_A|Q9Y2M5|AU	6gy5_U|P53355|AU
6h7b_A|E9AFX7|AB=AD	6h7b_B|Q4Q7R3|AB=AD
6h8q_B|P40541|BH	6h8q_H|Q12158|BH
6he5_A|O29760|AK	6he5_K|O28303|AK
6hy7_A|Q9UGM1|AB	6hy7_B|P0C1D0|AB
6iqj_A|Q42418|AC	6iqj_C|Q9SE97|AC
6itu_A|Q9UBP9|AB	6itu_B|P05067|AB
6j54_a|Q35915|ad	6j54_d|A0A287B4I0|ad
6j54_f|Q95339|fd	6j54_d|A0A287B4I0|fd
6j8e_A|Q99250|AD	6j8e_D|P0C195|AD
6j8y_C|O60671|CD	6j8y_D|Q9BSD3|CD
6kpb_C|Q9LPR8|CB	6kpb_B|Q700D2|CB
6kvm_A|Q4U5Z6|AC	6kvm_C|P67883|AC
6lyq_A|P0A940|AO	6lyq_O|P0A921|AO
6mdo_A|P18708|AH	6mdo_H|P60881|AH
6n3e_A|O43719|AB	6n3e_B|O75533|AB
6n60_C|P0A8V2|CM	6n60_M|Q9X2V7|CM
6ntx_B|P03420|BD	6ntx_D|P06828|BD
6ocp_B|Q68DU8|BP	6ocp_P|O75899|BP
6pnj_Q|G6FMD3|QW	6pnj_W|G6FSH2|QW
6ppe_A|P0A6G7|AO=AP	6ppe_O|P0A6H1|AO=AP
6pse_A|Q8TD16|AC	6pse_C|Q9Y6G9|AC
6pun_A|Q09312|AE	6pun_E|P91820|AE
6qxf_J|G3ECR2|JK	6qxf_K|G3ECR3|JK
6r15_A|O94901|AB	6r15_B|Q8NF91|AB
6rmv_A|P62874|AC	6rmv_C|Q2TV84|AC
6rqf_F|P80883|FH	6rqf_H|P61045|FH
6t7y_A|Q9UYX8|AB	6t7y_B|Q9V2F4|AB
6tmi_B|S7V2T0|BC	6tmi_C|S7UU80|BC
6ttk_A|Q53G59|AE	6ttk_E|O14640|AE
6u1x_A|P03523|AP	6u1x_P|P03520|AP
6uhc_C|O15143|CH	6uhc_H|Q91YD9|CH
6vme_C|Q9H9H4|CD	6vme_D|Q96EY5|CD
6xkw_n|D5ARP4|nh	6xkw_h|D5ARP9|nh
6y38_A|Q80VW5|AC=AD	6y38_C|Q9QZZ4|AC=AD
6yba_A|P11820|AY	6yba_Y|P16139|AY
6yba_A|P11820|Aw	6yba_w|B5SNS1|Aw
6zmt_F|P23396|Fi	6zmt_i|P0DTD1|Fi
6zw0_A|Q57968|AC=AD	6zw0_C|Q58261|AC=AD
7adt_A|A0A0R8HV90|AU	7adt_U|Q07812|AU
7al2_A|A5UK83|AB	7al2_B|B9AGF7|AB
7aqr_V|Q9FLX7|Vr	7aqr_r|Q9SD78|Vr
7arx_B|P48740|BC	7arx_C|Q4GWU5|BC
7azx_A|Q13105|AC	7azx_C|Q7Z6Z7|AC
7bg8_C|Q80AG2|CD	7bg8_D|Q6SQI6|CD
7bqx_x|P03226|xO	7bqx_O|P03186|xO
7bye_B|A6TJ73|BA	7bye_A|A6TJ72|BA
7cfc_A|A1ZAC4|AF	7cfc_F|Q7PLK0|AF
7dvq_3|Q15393|3y	7dvq_y|Q92917|3y
7e1s_C|B5Z7D6|CD	7e1s_D|B5Z6T1|CD
7ev8_A|P06159|AB	7ev8_B|P06162|AB
7evs_A|Q8WVV9|AC=AD	7evs_C|Q9BYW2|AC=AD
7f4l_B|I7M8B9|BF	7f4l_F|Q22VV9|BF
7fax_A|Q586Y0|AB	7fax_B|Q38DC5|AB
7fc0_C|A0A1I4IFH0|CA	7fc0_A|A0A915Q9E8|CA
7jfo_B|P08475|Bq	7jfo_q|Q94ET8|Bq
7jya_A|Q96JP0|AD	7jya_D|P04618|AD
7k7h_E|Q8Z6A3|EG	7k7h_G|A0A4Z0MXD9|EG
7kcl_A|Q12931|AC	7kcl_C|P21912|AC
7kpk_A|D6RDG8|AB	7kpk_B|P52945|AB
7mhz_A|Q5VTY9|AB	7mhz_B|Q15465|AB
7mkk_A|Q9W3W6|AD	7mkk_D|Q9W2H9|AD
7naf_5|Q04031|5q	7naf_q|P40991|5q
7o3e_O|Q9D0M3|OP	7o3e_P|Q9CR68|OP
7o3j_B|O50336|BC	7o3j_C|O50334|BC
7oq4_E|P39466|EF	7oq4_F|Q4JB12|EF
7ovx_A|Q9C029|AQ	7ovx_Q|P46976|AQ
7q41_A|O95714|AB	7q41_B|Q05086|AB
7qh7_W|Q9P0M9|Wf	7qh7_f|Q96GC5|Wf
7qy5_B|O94326|BF	7qy5_F|Q9UTR8|BF
7r0w_A|Q57038|AH	7r0w_H|P72717|AH
7r0w_F|P74810|FH	7r0w_H|P72717|FH
7r6k_l|Q08962|lr	7r6k_r|P40078|lr
7rup_A|Q6Y7W6|AB	7rup_B|Q8NDV7|AB
7rxq_A|Q9BR39|AB	7rxq_B|P07293|AB
7s7j_A|Q9UBP0|AB	7s7j_B|P53990|AB
7svu_A|A0A8J0PCL3|Aa	7svu_a|A0A979HMQ2|Aa
7sxf_A|P49840|AB	7sxf_B|O15169|AB
7t7t_A|A0A2H5Q1B8|AW	7t7t_W|P59226|AW
7tlj_C|Q02762|CH	7tlj_H|P16536|CH
7tt7_E|P0A937|EC	7tt7_C|P0A903|EC
7tzk_A|Q12929|AC	7tzk_C|B7ULW4|AC
7urd_A|Q9H237|AB	7urd_B|P56704|AB
7v1l_B|P49321|BV	7v1l_V|P84243|BV
7vb7_Q|F1S1A8|QW	7vb7_W|A0A8D1NRT6|QW
7vgx_R|P25929|RL	7vgx_L|P01303|RL
7vwo_A|P9WF55|AD	7vwo_D|P9WL41|AD
7y60_L|Q13112|LK	7y60_K|Q13111|LK
7zy4_A|Q12996|AC	7zy4_C|Q6UN15|AC
7zyv_G|P69461|GQ	7zyv_Q|Q8GT36|GQ
8bel_I|Q9LXJ2|IJ	8bel_J|Q94K78|IJ
8bvf_A|Q8NS03|AD	8bvf_D|P94337|AD
8cav_A|D1A2F7|AD	8cav_D|D1A2F9|AD
8cgi_N|P0AG59|N4	8cgi_4|P0A7M9|N4
8cgv_w|P0A7M2|wh	8cgv_h|P0A7R1|wh
8des_A|A0A6G9L6B3|AE	8des_E|A0A6G9L8Z7|AE
8dew_B|Q5F725|BD	8dew_D|P49913|BD
8f2m_D|P13849|DC	8f2m_C|P13848|DC
8fsq_A|P33913|AB	8fsq_B|Q47505|AB
8ghm_F|Q01448|FJ	8ghm_J|P47171|FJ
8gjf_A|A0A229Y5V5|AD	8gjf_D|P38936|AD
8gy7_P|Q8TCY5|PM	8gy7_M|P68000|PM
8h0q_R|P30550|RL	8h0q_L|P07492|RL
8imx_S|Q96S52|SD	8imx_D|Q9BZM5|SD
8jjp_A|P46091|AL	8jjp_L|Q99969|AL
8k42_R|B4Y048|Rr	8k42_r|Q9YWN5|Rr
8odt_A|P0ABU9|AG	8odt_G|P0ABV6|AG
8ou0_C|A0A3Q1MYU9|CD	8ou0_D|A0A3S5ZPV0|CD
8p2w_C|Q9NP91|CA	8p2w_A|Q9BYF1|CA
8p9r_A|P0ABV2|AC	8p9r_C|P02929|AC
8pdp_A|Q6WBA1|AB	8pdp_B|Q8B9Q8|AB
8qp8_S|O43290|SX	8qp8_X|Q8WVK2|SX
8rbz_c|Q68E01|cY	8rbz_Y|I3LJR4|cY
8rn5_B|Q5V8Y6|BD	8rn5_D|Q5V8Y6|BD
8rn5_B|Q5V8Y6|BE	8rn5_E|Q5V8Z9|BE
8rta_E|O50335|EI	8rta_I|O50337|EI
8smr_K|P00106|KL	8smr_L|Q9HTQ4|KL
8t4e_B|Q03519|BC	8t4e_C|P04585|BC
8tpj_K|Q01952|KS	8tpj_S|P73093|KS
8u2y_B|O14686|BA	8u2y_A|O43151|BA
8ugb_B|P23439|BC	8ugb_C|P04972|BC
8ui6_A|A0A125YMZ8|AB	8ui6_B|P98088|AB
8umo_K|Q9WU32|KP	8umo_P|P01897|KP
8vd8_A|A4ZFA8|AB	8vd8_B|A4ZFB5|AB
8wk3_P|P26462|Pb	8wk3_b|P15928|Pb
8wxe_m|Q6PJ56|mb	8wxe_b|P20963|mb
8zjd_R|Q969F8|RL	8zjd_L|Q15726|RL
9ild_A|P0DTF3|AB	9ild_B|P0DTF0|AB
