1abo_A|P00520|AC	1abo_C|P55194|AC
1abt_A|P60615|AB	1abt_B|P02710|AB
1be3_J|P00130|JK	1be3_K|P07552|JK
1bt6_A|P60903|AC=AD	1bt6_C|P17785|AC=AD
1bw8_A|P84092|AP	1bw8_P|A8IP97|AP
1cdl_A|P0DP23|AE	1cdl_E|P11799|AE
1cmx_C|P35127|CD	1cmx_D|P0CG48|CD
1d4t_A|O60880|AB	1d4t_B|Q13291|AB
1d8d_A|Q04631|AP	1d8d_P|P01116|AP
1dpj_A|P07267|AB	1dpj_B|P01094|AB
1dpu_A|P15927|AB	1dpu_B|P13051|AB
1ee4_A|Q02821|AC=AD	1ee4_C|P01106|AC=AD
1eg4_A|P11532|AP	1eg4_P|Q14118|AP
1emu_A|O15169|AB	1emu_B|P25054|AB
1f47_B|P77173|BA	1f47_A|P0A9A6|BA
1f4v_A|P0AE67|AD	1f4v_D|P06974|AD
1f93_A|P61459|AF	1f93_F|P22361|AF
1gwq_A|P03372|AC	1gwq_C|Q15596|AC
1h24_B|P20248|BE	1h24_E|Q01094|BE
1i4o_A|P55210|AC	1i4o_C|P98170|AC
1ik9_A|Q13426|AC	1ik9_C|P49917|AC
1j2x_A|P35269|AB	1j2x_B|Q9Y5B0|AB
1jd5_A|Q24306|AB	1jd5_B|Q24570|AB
1jpp_A|Q02248|AC	1jpp_C|P25054|AC
1kv6_A|P62508|AC	1kv6_C|Q15788|AC
1ky6_A|P17427|AP	1ky6_P|O88339|AP
1m45_A|P53141|AB	1m45_B|P19524|AB
1m5n_S|Q14974|SQ	1m5n_Q|P12272|SQ
1mfg_A|Q96RT1|AB	1mfg_B|P04626|AB
1n12_A|P08407|AB	1n12_B|P42191|AB
1n5z_A|P80667|AP	1n5z_P|P53112|AP
1n7f_A|P97879|AC	1n7f_C|Q13136|AC
1nb3_I|P01040|IP	1nb3_P|O46427|IP
1o0p_A|P26368|AB	1o0p_B|Q15637|AB
1o9a_A|P02751|AB	1o9a_B|Q53971|AB
1oj5_A|P70365|AB	1oj5_B|P42226|AB
1oqn_A|P97318|AC	1oqn_C|P08592|AC
1pcx_A|P40482|AB	1pcx_B|P22804|AB
1peg_A|Q8X225|AP	1peg_P|P68431|AP
1q68_A|P01730|AB	1q68_B|P06239|AB
1qfn_A|P68688|AB	1qfn_B|P00452|AB
1qls_A|P31950|AD	1qls_D|P04083|AD
1r1r_A|P00452|AD	1r1r_D|P69924|AD
1rkc_A|P18206|AB	1rkc_B|P54939|AB
1rxz_A|O29912|AB	1rxz_B|O29975|AB
1ssh_A|P43603|AB	1ssh_B|P32790|AB
1t5z_A|P10275|AB	1t5z_B|Q13772|AB
1tt5_B|Q8TBC4|BE	1tt5_E|P61081|BE
1ttw_A|Q7BTX0|AB	1ttw_B|Q93KQ4|AB
1uf2_A|P22472|AK	1uf2_K|P22473|AK
1uki_A|P45983|AB	1uki_B|Q9WVI9|AB
1utc_A|P49951|AP=AQ	1utc_P|P49418|AP=AQ
1vf5_B|P83792|BG	1vf5_G|P83797|BG
1vzj_B|P22303|BI	1vzj_I|Q9Y215|BI
1wbp_A|Q96SB4|AB	1wbp_B|Q96QZ7|AB
1wkw_A|P06730|AB	1wkw_B|Q13541|AB
1xdk_A|P28700|AC	1xdk_C|Q925J9|AC
1xdk_B|P22605|BD	1xdk_D|Q925J9|BD
1y19_B|P26039|BA=BC	1y19_A|O70161|BA=BC
1ycr_A|Q00987|AB	1ycr_B|P04637|AB
1yfn_A|P0AFZ3|AE	1yfn_E|P0AFX7|AE
1yok_A|O00482|AB	1yok_B|Q15596|AB
1z9o_A|Q9Z270|AG=AI	1z9o_G|Q8K4M9|AG=AI
1zav_A|P29394|AX=AY=AZ	1zav_X|P29396|AX=AY=AZ
1zkk_A|Q9NQR1|AE=AG	1zkk_E|P62805|AE=AG
1zsg_A|Q14155|AB	1zsg_B|Q13153|AB
1zub_A|Q9JIR4|AB	1zub_B|Q811U3|AB
1zzd_A|P21524|AB	1zzd_B|P49723|AB
2b26_A|P25294|AD	2b26_D|P11146|AD
2b3g_A|P27694|AB	2b3g_B|P04637|AB
2bn5_A|Q7JPS0|AB	2bn5_B|P17133|AB
2bp3_A|P21333|AT	2bp3_T|P07359|AT
2br8_A|Q8WSF8|AF=AJ	2br8_F|P50984|AF=AJ
2bz8_A|Q96B97|AC	2bz8_C|Q13191|AC
2c2l_A|Q9WUD1|AE	2c2l_E|P07900|AE
2cnm_A|Q8ZJW4|AD	2cnm_D|Q8ZK81|AD
2d1k_B|P00639|BC	2d1k_C|O43312|BC
2drn_A|P12368|AC	2drn_C|Q12802|AC
2dym_G|Q12380|GH	2dym_H|Q03818|GH
2e4h_A|P30622|AB	2e4h_B|P68363|AB
2ez5_W|Q9VVI3|WP	2ez5_P|Q24139|WP
2f31_A|Q3US76|AB	2f31_B|O08808|AB
2fff_B|O70038|BA	2fff_A|Q4TUQ1|BA
2flu_X|Q14145|XP	2flu_P|Q16236|XP
2g30_A|P63010|AP	2g30_P|Q5SW96|AP
2g9h_D|Q52T95|DC	2g9h_C|P04664|DC
2gs0_A|P32776|AB	2gs0_B|P04637|AB
2h4m_A|Q92973|AC	2h4m_C|P09651|AC
2i94_A|P21457|AB	2i94_B|P28327|AB
2isq_A|P47998|AB	2isq_B|Q42588|AB
2j0u_A|P38919|AT	2j0u_T|O15234|AT
2j28_9|P0AGD7|97	2j28_7|O62798|97
2j37_W|P61010|WS	2j37_S|Q1WHN3|WS
2jmf_A|Q9Y0H4|AB	2jmf_B|Q32UW5|AB
2jnw_A|P07992|AB	2jnw_B|P23025|AB
2kbr_A|Q9Y6N9|AB	2kbr_B|Q9H251|AB
2koh_A|Q99NH2|AB	2koh_B|P55284|AB
2kqf_A|Q6P0Q8|AB	2kqf_B|Q8JJY9|AB
2ks9_A|P25103|AB	2ks9_B|P20366|AB
2ksp_A|Q9H4M9|AB	2ksp_B|Q8N3F8|AB
2kup_A|O43559|AB	2kup_B|Q9UM73|AB
2kxc_A|Q9UHR4|AB	2kxc_B|P0DJ89|AB
2l1l_B|O14980|BA	2l1l_A|P61925|BA
2l8j_A|Q9H0R8|AB	2l8j_B|Q14596|AB
2lob_A|Q9HD26|AB	2lob_B|P13569|AB
2loz_A|Q63HR2|AB	2loz_B|Q96QB1|AB
2lp0_A|P31274|AB	2lp0_B|O75496|AB
2mak_A|Q13586|AB=AD	2mak_B|Q96D31|AB=AD
2mc6_A|Q8LTJ5|AB	2mc6_B|Q8KTH8|AB
2mnj_B|P38768|BA	2mnj_A|P25638|BA
2mp2_A|P55854|AC	2mp2_C|Q9QZS2|AC
2mv7_A|P42568|AB	2mv7_B|Q8TEK3|AB
2npi_A|Q08685|AC	2npi_C|P39081|AC
2o9v_A|Q9BX66|AB	2o9v_B|P49023|AB
2od8_A|P15873|AB	2od8_B|P04819|AB
2ofq_A|Q79SE3|AB	2ofq_B|Q79SE5|AB
2ojx_A|P53350|AE	2ojx_E|P30307|AE
2pg1_E|Q94524|EJ=EK=EL	2pg1_J|Q62871|EJ=EK=EL
2phe_A|P53999|AC	2phe_C|P06492|AC
2phg_A|Q00403|AB	2phg_B|P06492|AB
2puy_B|Q96BD5|BE	2puy_E|Q6NXT2|BE
2qn6_A|Q980A5|AC	2qn6_C|Q97W59|AC
2qos_C|P07360|CA	2qos_A|P07357|CA
2qxv_A|Q921E6|AB	2qxv_B|Q61188|AB
2rf9_A|P00533|AC	2rf9_C|Q9UJM3|AC
2rpn_A|P15891|AB	2rpn_B|P53974|AB
2rqu_A|Q9ULH1|AB	2rqu_B|P25054|AB
2sta_E|P35031|EI	2sta_I|P01074|EI
2vbc_A|Q2TN89|AB	2vbc_B|Q91EQ2|AB
2vdo_A|P08514|AC	2vdo_C|P02679|AC
2vkn_A|P40073|AC	2vkn_C|P08018|AC
2vpe_C|Q9Y3Y4|CD	2vpe_D|O00512|CD
2w2u_A|Q877H3|AC	2w2u_C|Q4J924|AC
2w9r_A|P0A8Q6|AB	2w9r_B|P0ABT2|AB
2wh6_A|P0C6Z1|AB	2wh6_B|O43521|AB
2ws9_3|Q91B37|34	2ws9_4|B9VV85|34
2wss_T|P13619|TU	2wss_U|P13620|TU
2wss_V|P02721|VU	2wss_U|P13620|VU
2x72_A|P02699|AB	2x72_B|P04695|AB
2xcf_A|C1KHN2|AC=AD	2xcf_C|C9WU77|AC=AD
2xjz_A|P25791|AI	2xjz_I|Q86U70|AI
2xpi_A|P41889|AB	2xpi_B|O13916|AB
2xqn_T|Q9UGI8|TA	2xqn_A|Q9Y615|TA
2xyi_A|Q24572|AB	2xyi_B|P84040|AB
2ybf_A|P63146|AB	2ybf_B|Q9NS91|AB
2ydq_A|Q0TR53|AT	2ydq_T|O60502|AT
2z5s_M|Q7ZUW7|MP	2z5s_P|P04637|MP
2zt9_E|Q8YVQ2|EH	2zt9_H|P61048|EH
3a0b_J|Q7DGD4|JY	3a0b_Y|D0VWR3|JY
3aa0_B|P14315|BC	3aa0_C|Q6EDY6|BC
3aae_A|P13127|AX	3aae_X|Q6EDY6|AX
3agy_A|P25685|AC	3agy_C|P11142|AC
3bej_A|Q96RI1|AE	3bej_E|Q15788|AE
3bfq_G|P08190|GF	3bfq_F|P08189|GF
3bin_A|Q9Y2J2|AB	3bin_B|Q9BY67|AB
3bl2_A|P89884|AC=AD	3bl2_C|O88597|AC=AD
3bqo_A|P54274|AB	3bqo_B|Q9BSI4|AB
3btp_A|P08062|AB	3btp_B|P08063|AB
3bu8_A|Q15554|AC	3bu8_C|Q9BSI4|AC
3cdg_E|Q13241|EQ	3cdg_Q|P17693|EQ
3cv0_A|Q57W55|AB	3cv0_B|P13377|AB
3d2u_A|P08560|AC	3d2u_C|P60709|AC
3e1r_A|Q53EZ4|AC	3e1r_C|Q8WUM4|AC
3ech_B|P52003|BC	3ech_C|Q9HXS2|BC
3efo_B|O94855|BC	3efo_C|Q13190|BC
3egd_B|O95486|BD	3egd_D|P03522|BD
3emw_A|Q99619|AB	3emw_B|P09052|AB
3fii_A|A7GBG3|AB	3fii_B|P63027|AB
3fma_A|P32909|AL	3fma_L|Q12186|AL
3gci_A|P60045|AP	3gci_P|P05067|AP
3ggz_A|P53843|AE	3ggz_E|P69771|AE
3gj9_A|O14907|AC	3gj9_C|P48050|AC
3gli_B|P06710|BO	3gli_O|P28632|BO
3gm1_A|Q14289|AE=AF	3gm1_E|P49023|AE=AF
3gs2_A|Q99496|AD	3gs2_D|O95931|AD
3gyt_A|Q9XZJ5|AB	3gyt_B|Q15788|AB
3gze_A|A8J7D3|AX	3gze_X|Q9FPQ6|AX
3h1c_A|P05055|AD=AF	3h1c_D|P21513|AD=AF
3h5r_A|Q47506|AE=AF	3h5r_E|Q47505|AE=AF
3i7h_A|Q16531|AB	3i7h_B|Q80IU5|AB
3iec_A|Q7KZI7|AE	3iec_E|P55980|AE
3im4_A|P00514|AC	3im4_C|O43572|AC
3izo_A|P12538|AF	3izo_F|Q7T416|AF
3j47_V|P43588|VQ	3j47_Q|Q12377|VQ
3jb6_A|D0EZK6|AC=AD	3jb6_C|D3JWE6|AC=AD
3jrv_A|P68466|AC	3jrv_C|O00571|AC
3kik_A|Q6WNK7|AE=AF=AH	3kik_E|Q03067|AE=AF=AH
3kj0_A|Q07820|AB	3kj0_B|O43521|AB
3lny_A|Q12923|AB	3lny_B|Q8TEU7|AB
3m93_A|Q6PKX2|AC	3m93_C|Q13541|AC
3nmx_A|P25054|AD	3nmx_D|Q9NR80|AD
3o0e_A|P02931|AL	3o0e_L|P09883|AL
3o1e_A|Q9PTN2|AB	3o1e_B|Q15596|AB
3oak_A|Q06505|AD	3oak_D|P23615|AD
3owt_A|P11938|AC	3owt_C|P06701|AC
3p8f_A|Q9Y5Y6|AI	3p8f_I|Q4GWU5|AI
3phd_A|Q9UBN7|AE	3phd_E|P0CG47|AE
3pmk_A|B7UCZ2|AO=AR	3pmk_O|B7UCZ3|AO=AR
3qv1_A|P25856|AG	3qv1_G|Q9LZP9|AG
3rbq_A|Q13432|AG	3rbq_G|P11488|AG
3rqe_C|Q9BUL8|CE	3rqe_E|P49023|CE
3so6_A|D3ZAR1|AQ	3so6_Q|P01130|AQ
3syn_A|Q01960|AE=AF	3syn_E|P40742|AE=AF
3tiw_A|P55072|AC	3tiw_C|Q9UKV5|AC
3tmh_A|Q5T2W1|AD	3tmh_D|O43572|AD
3tz1_A|Q27428|AB	3tz1_B|Q7M3Y3|AB
3u3w_A|Q45782|AP	3u3w_P|B7IR02|AP
3u85_A|O00255|AB	3u85_B|Q03164|AB
3up0_A|H0USY8|AP	3up0_P|Q15596|AP
3upv_A|P15705|AB	3upv_B|P22202|AB
3uxg_A|O14593|AB	3uxg_B|P56524|AB
3w1b_A|P49917|AB	3w1b_B|Q96SD1|AB
3w3w_A|P32337|AB	3w3w_B|P13574|AB
3w8j_A|Q15084|AC	3w8j_C|O08807|AC
3wbk_A|P39730|AC	3wbk_C|P38912|AC
3wsr_A|Q9P126|AC	3wsr_C|Q86YL7|AC
3wv0_A|Q9UKJ1|AX	3wv0_X|P06437|AX
3zed_A|P22173|AD	3zed_D|P05844|AD
3zhf_A|O75843|AB	3zhf_B|Q67953|AB
3zil_A|Q75E93|AB	3zil_B|Q75FB3|AB
3zzy_A|P26599|AC=AD	3zzy_C|Q9CW46|AC=AD
4a0l_E|Q13620|EF	4a0l_F|P62878|EF
4a1s_B|Q9VB22|BE	4a1s_E|Q9W2R4|BE
4a2a_A|Q9WZU0|AC	4a2a_C|O08398|AC
4a62_A|P11904|AC	4a62_C|P11906|AC
4a8x_C|O55128|CB	4a8x_B|Q9VJ12|CB
4aif_A|O00170|AD	4aif_D|P07900|AD
4am9_A|O87496|AB	4am9_B|P37132|AB
4asu_H|P05630|HI	4asu_I|P05632|HI
4au2_A|C7C419|AE=AF	4au2_E|Q96A83|AE=AF
4axg_B|P48598|BD	4axg_D|Q9VMA3|BD
4b4n_A|A9PKC6|AB	4b4n_B|Q16630|AB
4b60_A|P14738|AC	4b60_C|P02679|AC
4b6h_A|Q9NPI6|AC	4b6h_C|Q9NPJ4|AC
4bh6_E|P53197|EN	4bh6_N|Q08981|EN
4c31_A|P46674|AC	4c31_C|P20676|AC
4c5h_A|Q9VK33|AB	4c5h_B|Q8ST83|AB
4c93_A|Q01454|AD	4c93_D|P13382|AD
4cc2_A|Q6XZF7|AB	4cc2_B|O00401|AB
4cfh_E|P80385|EC	4cfh_C|P54645|EC
4cfq_A|P26447|AQ	4cfq_Q|P35579|AQ
4cqo_A|A5YKK6|AB=AD	4cqo_B|Q8WY41|AB=AD
4cug_A|D0MK34|AE	4cug_E|D0MGW1|AE
4day_A|Q9H9A7|AC	4day_C|Q8IYD8|AC
4dc2_A|Q62074|AZ	4dc2_Z|Q9Z340|AZ
4dx9_4|O14713|47	4dx9_7|P05556|47
4dxr_A|Q9UH99|AB	4dxr_B|Q8NF91|AB
4edn_A|Q9HBI1|AK=AL	4edn_K|P49023|AK=AL
4emz_A|P35585|AE	4emz_E|P04439|AE
4eoy_A|Q8IJK2|AD	4eoy_D|C0H519|AD
4f14_A|O76041|AB	4f14_B|A4UGR9|AB
4fae_A|Q000H7|AD	4fae_D|Q9YP46|AD
4fmn_A|P38920|AC	4fmn_C|Q08214|AC
4geq_A|P40014|AF	4geq_F|P43618|AF
4ggd_A|Q12834|AC	4ggd_C|O60566|AC
4gne_A|Q9BZ95|AB	4gne_B|P84243|AB
4gqb_A|O14744|AC	4gqb_C|P62805|AC
4gwq_B|P32569|BH	4gwq_H|P04050|BH
4gxb_A|Q15036|AB	4gxb_B|Q01102|AB
4gxl_A|O00214|AB	4gxl_B|Q13137|AB
4h2t_A|Q89VT8|AC	4h2t_C|Q89VT6|AC
4hpy_H|Q6N089|HP	4hpy_P|G9HS63|HP
4hqj_B|P05027|BG	4hqj_G|Q58K79|BG
4i2w_A|G5EG62|AB	4i2w_B|P09446|AB
4iga_A|Q56312|AB	4iga_B|Q9WZE6|AB
4j1v_A|Q9H8S9|AE=AG	4j1v_E|Q99IB8|AE=AG
4j2c_A|O43752|AB	4j2c_B|Q9UID3|AB
4j73_A|P41811|AB	4j73_B|Q3T133|AB
4jmr_A|P14349|AG	4jmr_G|Q98830|AG
4jo8_A|Q6XK91|AB	4jo8_B|Q60682|AB
4js0_A|P60953|AB	4js0_B|Q9UQB8|AB
4k1e_A|Q9Y5K2|AB	4k1e_B|Q4GWU5|AB
4kyt_A|P04191|AB	4kyt_B|P61012|AB
4lgd_A|Q13188|AF	4lgd_F|Q8WWW0|AF
4lx2_A|Q9Y4I1|AB	4lx2_B|Q91V27|AB
4m1d_L|A2NUT2|LP	4m1d_P|P05877|LP
4m91_A|Q13454|AB	4m91_B|Q96SW2|AB
4n7z_A|O00444|AB	4n7z_B|Q8TEP8|AB
4naw_A|O94817|AD	4naw_D|Q9NT62|AD
4ne9_B|Q8NBP7|BD	4ne9_D|P01130|BD
4nf9_A|Q8NG31|AC	4nf9_C|Q96IY1|AC
4nut_A|P39990|AB	4nut_B|Q08932|AB
4odk_A|Q5SLE7|AB	4odk_B|P00651|AB
4owf_A|O88522|AG	4owf_G|Q96EP0|AG
4oyk_A|Q96EP0|AC	4oyk_C|Q96BN8|AC
4ozh_E|Q2YD82|EI	4ozh_I|P04722|EI
4p6z_S|P61966|SV	4p6z_V|P19554|SV
4piq_A|B9A5C1|AB	4piq_B|B9A5B9|AB
4psx_B|P39984|BY	4psx_Y|P61830|BY
4qmf_B|P25586|BA	4qmf_A|P40546|BA
4rku_B|P05311|BI	4rku_I|P17227|BI
4rrv_A|O15530|AB	4rrv_B|Q16513|AB
4ru2_A|Q8VH51|AB	4ru2_B|P26369|AB
4s15_A|P35398|AC=AD	4s15_C|P48552|AC=AD
4tzo_A|Q20305|AB	4tzo_B|G5EBG0|AB
4u7i_A|Q8N0X7|AB	4u7i_B|P53990|AB
4utr_A|Q6DHI5|AC	4utr_C|P31327|AC
4wfd_A|Q12149|AC	4wfd_C|P47047|AC
4wfd_B|P38801|BC	4wfd_C|P47047|BC
4wih_A|P25321|AB	4wih_B|G3HK48|AB
4wjw_B|P40955|BP	4wjw_P|P29465|BP
4wzx_A|Q6PHR2|AE	4wzx_E|P53990|AE
4x23_H|P02283|HV	4x23_V|Q66LH7|HV
4x3i_A|Q63053|AB	4x3i_B|P11798|AB
4xgr_E|P9WF77|EF=EH	4xgr_F|P9WJ35|EF=EH
4xhv_A|M9NFI9|AB	4xhv_B|Q3KN41|AB
4ycw_A|Q15046|AC=AD	4ycw_C|Q13155|AC=AD
4yl6_A|Q9BSQ5|AB	4yl6_B|Q99759|AB
4ynl_A|P27709|AC=AD	4ynl_C|O52748|AC=AD
4z88_A|A0A0B4JDC9|AM	4z88_M|Q9W0K0|AM
4zo1_X|P10828|XA	4zo1_A|Q15596|XA
5b16_A|Q9NRR4|AB=AC	5b16_B|Q8WYQ5|AB=AC
5b66_M|P12312|MT	5b66_T|P12313|MT
5c6v_A|Q5NBT9|AE	5c6v_E|Q9SV55|AE
5cfa_A|Q14U76|AC	5cfa_C|P02671|AC
5crv_A|Q9H3S7|AC	5crv_C|O75886|AC
5crw_A|P55059|AB	5crw_B|P37840|AB
5cvd_A|Q9BV86|AD	5cvd_D|P49450|AD
5cx3_A|Q9H492|AE	5cx3_E|Q9BQS8|AE
5de2_A|Q8TDX7|AC	5de2_C|Q8K1R7|AC
5eib_C|P81947|CF	5eib_F|Q9HC77|CF
5eib_D|Q6B856|DF	5eib_F|Q9HC77|DF
5et0_A|Q9ET47|AB	5et0_B|Q1EG27|AB
5ex0_A|Q9H7B4|AD	5ex0_D|Q9Y2U5|AD
5eyk_A|Q6DE08|AD	5eyk_D|O13024|AD
5f0l_B|O75436|BD	5f0l_D|P49281|BD
5f3y_A|Q99MZ6|AB	5f3y_B|Q8K3X6|AB
5f5o_A|Q6UY69|AB	5f5o_B|Q6UY68|AB
5f5u_D|G0S1D3|DF	5f5u_F|G0S6R0|DF
5f67_A|Q24008|AC	5f67_C|P19334|AC
5fml_B|Q5V8Z9|BA	5fml_A|Q5V8X3|BA
5frp_A|Q04264|AC	5frp_C|Q12158|AC
5frq_A|O25242|AG	5frq_G|O25336|AG
5fur_I|Q6P1X5|IL	5fur_L|Q7Z7C8|IL
5gr8_A|Q9SSL9|AJ	5gr8_J|Q9LV87|AJ
5gtu_A|Q9UBQ0|AB	5gtu_B|Q92609|AB
5h2c_A|P35845|AB	5h2c_B|P38881|AB
5h5z_A|Q65XY8|AC	5h5z_C|Q91DR9|AC
5h7y_A|Q9I3K3|AB	5h7y_B|Q9I3K2|AB
5haw_A|Q9KVD2|AL	5haw_L|P0A9A6|AL
5hax_A|G0S7B6|AB	5hax_B|G0S156|AB
5hb3_A|G0S024|AB	5hb3_B|G0S156|AB
5hda_A|Q15326|AB	5hda_B|P12978|AB
5hkh_A|P61960|AB	5hkh_B|Q9GZZ9|AB
5hyp_A|P04003|AB	5hyp_B|W0T1Y4|AB
5igo_A|P43254|AU	5igo_U|Q96RU8|AU
5igq_A|Q8NHY2|AU	5igq_U|Q96RU8|AU
5ip7_B|P08518|BQ	5ip7_Q|P41895|BQ
5ixf_A|O75886|AB	5ixf_B|O95630|AB
5j3q_A|Q9P805|AB	5j3q_B|Q10108|AB
5jja_A|Q13362|AC	5jja_C|O60566|AC
5jjy_A|Q9BYW2|AB	5jjy_B|P84243|AB
5jqy_A|Q12797|AB	5jqy_B|P00742|AB
5jtm_A|P0AG86|AE=AG	5jtm_E|P00634|AE=AG
5koa_B|B7MAM4|BD	5koa_D|P0A9A6|BD
5lm5_A|P25644|AC	5lm5_C|P53550|AC
5luf_7|P07470|7w	5luf_w|P07552|7w
5lyn_A|Q12118|AD	5lyn_D|P10591|AD
5mf9_A|P52756|AB	5mf9_B|Q16637|AB
5mn9_A|P62992|AC	5mn9_C|Q8N5J2|AC
5msm_B|P38877|BC=BF	5msm_C|P49956|BC=BF
5mu3_A|Q6CVQ9|AC	5mu3_C|Q6CJY0|AC
5mu3_B|Q6CRN7|BC	5mu3_C|Q6CJY0|BC
5mx2_B|Q8DIQ1|Bt	5mx2_t|Q8DIQ0|Bt
5n1w_A|A8QZK6|AD	5n1w_D|O93309|AD
5n74_A|H0XPX6|AI=AJ	5n74_I|P32526|AI=AJ
5naf_A|Q8BHJ5|AE	5naf_E|Q9Z2D6|AE
5no2_Q|P0AG63|QL	5no2_L|P0A7S3|QL
5o9s_A|P30419|AC	5o9s_C|P62166|AC
5o9z_L|Q2TAY7|LR	5o9z_R|Q13123|LR
5oqt_A|Q5L1G5|AC	5oqt_C|A5A616|AC
5ow5_A|Q8BG40|AE	5ow5_E|Q80VC9|AE
5owu_A|Q06142|AB	5owu_B|P20676|AB
5oxx_A|Q74N74|AB	5oxx_B|Q74M37|AB
5oyp_C|A0A2I6HDZ6|CD	5oyp_D|Q9IGK7|CD
5sup_A|Q07478|AH	5sup_H|Q12159|AH
5sva_X|P38633|Xk	5sva_k|P04050|Xk
5sve_B|P63098|BC	5sve_C|O95644|BC
5t8r_A|Q9UIF9|AG	5t8r_G|P68431|AG
5tuv_B|Q15329|BC	5tuv_C|P28749|BC
5txe_A|E8RUP5|AC	5txe_C|E8RUP8|AC
5ua5_A|P42485|AB	5ua5_B|A0A8D1DEN9|AB
5v1u_A|D1CIZ5|AE	5v1u_E|D1CIY7|AE
5v8k_A|Q1MX24|AB	5v8k_B|B0TAT4|AB
5vf3_A|P04535|AZ	5vf3_Z|P18056|AZ
5vt9_A|Q95UJ7|AD	5vt9_D|O00934|AD
5w5c_B|P32851|BE	5w5c_E|P63041|BE
5w5c_F|P21707|FE	5w5c_E|P63041|FE
5w6v_A|Q9UL18|AB	5w6v_B|Q8NDV7|AB
5w7i_A|Q8IUH5|AB=AD	5w7i_B|P60880|AB=AD
5w93_A|Q61140|AD	5w93_D|Q8VI36|AD
5wa4_E|D6Y504|EO=EQ	5wa4_O|D6Y501|EO=EQ
5wbh_C|P42345|CW	5wbh_W|P23443|CW
5wbj_A|Q93YQ1|AT	5wbj_T|Q13541|AT
5wbu_C|Q9BVC4|CO	5wbu_O|Q96B36|CO
5we0_A|O13852|AB	5we0_B|O14246|AB
5we0_A|O13852|AC	5we0_C|Q96TL7|AC
5wos_A|Q6VZT9|AB	5wos_B|O43521|AB
5wxm_A|P32899|AU	5wxm_U|P47083|AU
5x6c_A|Q59054|AE=AF	5x6c_E|Q58876|AE=AF
5xa5_A|P90947|AB	5xa5_B|O44326|AB
5xod_A|Q15796|AB	5xod_B|P12755|AB
5yba_A|A2DT06|AB	5yba_B|Q58HP2|AB
5ybu_A|Q14678|AB	5ybu_B|Q7Z4S6|AB
5ypz_A|Q93I73|AD=AE	5ypz_D|Q93I65|AD=AE
5yt0_A|Q9Y9B3|AB	5yt0_B|Q9Y9W9|AB
5zoo_G|P56524|GA	5zoo_A|Q9Y618|GA
6a30_A|Q62768|AP	6a30_P|P63045|AP
6a5e_C|Q6NLF4|CE	6a5e_E|Q9LUS7|CE
6a6w_A|O60158|AB	6a6w_B|Q09825|AB
6alg_J|P0A8T7|JN	6alg_N|P18683|JN
6am0_A|Q6CIU1|AC	6am0_C|Q6CYC5|AC
6b03_A|Q6D8U3|AC	6b03_C|P16972|AC
6b0x_A|A4ZFB3|Aa	6b0x_a|A4ZFB2|Aa
6b27_A|Q6ZMT1|AG	6b27_G|Q13698|AG
6b2z_M|P00854|MT	6b2z_T|P81451|MT
6b3x_A|Q05048|AB	6b3x_B|Q12996|AB
6b9h_A|Q86VS8|AB	6b9h_B|Q9Y6G9|AB
6c23_A|Q15022|AE	6c23_E|Q92833|AE
6d6q_C|Q96B26|CJ	6d6q_J|Q01780|CJ
6d6q_F|Q5RKV6|FJ	6d6q_J|Q01780|FJ
6do3_A|Q9Y2U9|AC	6do3_C|Q9Y6D0|AC
6e2p_A|O60674|AC	6e2p_C|P48357|AC
6e5n_B|Q9UM54|BA	6e5n_A|P09496|BA
6e8r_A|Q86XE0|AC	6e8r_C|B7SCI5|AC
6ef0_I|P40327|Is	6ef0_s|P07818|Is
6ef3_1|P38624|1n	6ef3_n|P30657|1n
6ej7_A|Q86Y38|AB	6ej7_B|P02760|AB
6epc_R|Q6PCT9|RY	6epc_Y|D3ZHW9|RY
6esb_6|P03088|67	6esb_7|P03094|67
6et5_1|P04124|12=1y	6et5_2|P04126|12=1y
6et5_3|P04123|32	6et5_2|P04126|32
6f0w_A|I6QVT6|AS	6f0w_S|B3RXX2|AS
6f55_A|Q1G1I6|AB	6f55_B|A0A1D5PXA5|AB
6fbk_A|Q9Y3S1|AP	6fbk_P|Q9H4A3|AP
6fey_A|Q09024|AI=AJ	6fey_I|Q7KUD5|AI=AJ
6fkq_A|O95631|AB	6fkq_B|Q8NBI3|AB
6g04_A|Q06672|AB	6g04_B|P39938|AB
6g0y_A|P04545|AJ	6g0y_J|P03421|AJ
6gd5_A|P0ADV1|AB	6gd5_B|P55788|AB
6giq_a|P00401|ag	6giq_g|P10174|ag
6giq_c|P00420|cg	6giq_g|P10174|cg
6giq_c|P00420|ck	6giq_k|P32799|ck
6gos_1|P23184|1A	6gos_A|P05834|1A
6gos_D|P23186|DA	6gos_A|P05834|DA
6h9n_A|P06136|AB	6h9n_B|P0A6S5|AB
6hpg_A|F4KCL7|Aa	6hpg_a|O03986|Aa
6i3m_O|P32481|OM	6i3m_M|P09064|OM
6idx_A|Q96JJ3|AC	6idx_C|Q3UHD1|AC
6ifc_A|Q8ZM86|AB	6ifc_B|Q7CPV2|AB
6ixp_A|P19524|AB=AC	6ixp_B|Q06324|AB=AC
6j19_A|P9WNB1|AB	6j19_B|P9WNK5|AB
6j4u_A|Q7L8A9|AB	6j4u_B|Q8N300|AB
6j68_A|Q5SXA9|AC	6j68_C|Q8BYR2|AC
6j9l_A|A0A425B3G2|AE	6j9l_E|A0Q5Y3|AE
6jlh_A|Q5XJX1|AB	6jlh_B|P60880|AB
6jod_A|P50052|AB	6jod_B|P01019|AB
6jwj_A|P33755|AC	6jwj_C|P53044|AC
6jx3_B|Q47QT5|BA	6jx3_A|A0A5H1ZR43|BA
6jzn_A|Q8VY16|AE	6jzn_E|Q9FK13|AE
6kbm_A|P39968|AB	6kbm_B|Q06628|AB
6kr4_C|P10586|CG	6kr4_G|P60469|CG
6l0v_A|F4K0X5|AB	6l0v_B|Q5XVG3|AB
6l35_I|Q6YXR3|IM	6l35_M|Q6YXK4|IM
6l9f_A|Q62296|AC	6l9f_C|Q8N9Y4|AC
6lph_A|Q9VG38|AB	6lph_B|P23647|AB
6m4o_A|Q8N138|AB	6m4o_B|O15269|AB
6mi7_F|P0AF98|FC	6mi7_C|P0ADV9|FC
6mi7_G|P0ADC6|GC	6mi7_C|P0ADV9|GC
6myd_A|Q6IWL4|AB	6myd_B|E7F4N7|AB
6nt9_A|Q9UHD2|AC=AD	6nt9_C|E1C7U0|AC=AD
6om2_D|P26012|DF	6om2_F|P01137|DF
6peu_A|Q58494|AM=AN	6peu_M|Q58256|AM=AN
6psd_A|Q9BSW2|AB	6psd_B|Q9Y6G9|AB
6qmp_C|Q13952|CA	6qmp_A|P23511|CA
6qnx_B|O60216|BC	6qnx_C|P49711|BC
6rqf_M|Q9M3L0|MP	6rqf_P|P61045|MP
6rrc_A|Q8WVM7|AD	6rrc_D|O60216|AD
6s07_A|D1A7C3|AC	6s07_C|D1ADF2|AC
6sat_A|Q8NNN6|AP=AQ	6sat_P|P94337|AP=AQ
6tmi_G|A0A125YKF8|GC	6tmi_C|S7UU80|GC
6tqp_A|Q9DHU6|AB	6tqp_B|Q9BXH1|AB
6tyu_A|Q6DDS9|AB	6tyu_B|Q9BWK5|AB
6uhc_B|P61160|BH	6uhc_H|Q91YD9|BH
6up7_R|P30989|RC	6up7_C|P30990|RC
6v9z_A|A3DCU1|AC	6v9z_C|A3DCU2|AC
6vme_V|Q9UK41|VP	6vme_P|Q96EY5|VP
6vn7_R|P32241|RL	6vn7_L|P18509|RL
6vo5_A|O14929|AC	6vo5_C|P62805|AC
6weg_B|Q5NFG1|BP	6weg_P|Q5NHR4|BP
6weg_D|Q5NHJ6|DP	6weg_P|Q5NHR4|DP
6wj6_L|Q55354|LM	6wj6_M|P72701|LM
6wj6_L|Q55354|LT	6wj6_T|P74787|LT
6wmq_A|Q14995|AE	6wmq_E|O75376|AE
6x23_A|A9V7E4|AB	6x23_B|Q92806|AB
6xaw_A|P22579|AB	6xaw_B|P39001|AB
6xfk_A|P0CL43|AB	6xfk_B|P35672|AB
6xkw_Y|Q05389|Yh	6xkw_h|D5ARP9|Yh
6xqn_C|D6WIX5|CG	6xqn_G|D6X268|CG
6xwv_A|Q9VHP9|AE	6xwv_E|Q9VEN2|AE
6xy4_A|A0A3F2YKH3|AB	6xy4_B|O00198|AB
6y3z_A|P53550|AB	6y3z_B|Q12517|AB
6yar_A|P0DP92|AD	6yar_D|P0ADJ3|AD
6yba_N|Q67716|NY	6yba_Y|P16139|NY
6ykp_A|A0A0H3PAV1|AG	6ykp_G|A0A0H3PBX6|AG
6yld_A|A0A369S2N9|AB	6yld_B|A0A369S334|AB
6yn0_A|P02919|AB	6yn0_B|P29131|AB
6ysl_C|P28611|CB	6ysl_B|P28612|CB
6zmt_D|P15880|Di	6zmt_i|P0DTD1|Di
7a1i_A|A0A3L6L5Q1|AB	7a1i_B|A0A3L6LBE5|AB
7a23_a|P29388|ah	7a23_h|Q8LDK3|ah
7a23_a|P29388|al	7a23_l|Q9SIQ8|al
7a23_c|Q84W12|cn	7a23_n|Q9ZUX4|cn
7a23_p|Q9FWR5|pn	7a23_n|Q9ZUX4|pn
7a23_t|Q9M9R9|th	7a23_h|Q8LDK3|th
7aam_A|O43586|AC	7aam_C|Q9Y2R2|AC
7ad3_A|D6VTK4|AI	7ad3_I|P01149|AI
7aqq_N|O05000|NL	7aqq_L|P29388|NL
7aqq_O|Q9SRR8|OL	7aqq_L|P29388|OL
7aqw_g|Q9SLC8|gi	7aqw_i|Q9FYF8|gi
7aqw_p|Q94C12|pi	7aqw_i|Q9FYF8|pi
7bqu_A|Q96SW2|AB	7bqu_B|Q9UJQ4|AB
7bqx_G|P03233|GO	7bqx_O|P03186|GO
7bre_B|Q9UMN6|BC	7bre_C|Q15291|BC
7c41_A|P01116|AD	7c41_D|P53816|AD
7cg0_j|P0A1I7|j9	7cg0_9|P15928|j9
7clv_A|P32897|AC	7clv_C|P04037|AC
7cwh_B|Q9ULU4|BA	7cwh_A|P84243|BA
7d87_A|A0A286Y9D1|AE	7d87_E|V9H1G0|AE
7d8d_A|P38340|AD	7d8d_D|Q3E792|AD
7dee_A|O15519|AB	7dee_B|Q14790|AB
7du4_A|P0CL62|AQ	7du4_Q|P9WJ85|AQ
7dvd_B|P04637|BE	7dvd_E|Q9BXH1|BE
7e1t_A|P51151|AD	7e1t_D|Q9NXR1|AD
7e34_B|Q5MJ70|BC	7e34_C|O94901|BC
7e87_A|Q9NZV8|AI	7e87_I|P42658|AI
7e9k_A|Q5NDF2|AC	7e9k_C|Q14118|AC
7ebk_A|Q924W6|AB	7ebk_B|P68431|AB
7ef0_A|B7ZYP9|AP	7ef0_P|P69246|AP
7et3_N|P16726|NH=NP	7et3_H|P16785|NH=NP
7et3_a|P16729|aH	7et3_H|P16785|aH
7f2o_R|P30411|RD	7f2o_D|P01042|RD
7f53_R|P32245|RL	7f53_L|P01189|RL
7fc0_B|A0A1I4IFL0|BA	7fc0_A|A0A915Q9E8|BA
7jfo_A|P00877|Ax	7jfo_x|Q94ET8|Ax
7jvs_B|Q2FXS9|BC	7jvs_C|Q2FXT0|BC
7kso_E|Q6ZN18|EF	7kso_F|Q92833|EF
7lj0_B|P11393|BA	7lj0_A|A0A5J4Z323|BA
7mw1_A|Q8N1F7|AC	7mw1_C|Q8NFH5|AC
7n0w_A|P58154|AG	7n0w_G|P0DL39|AG
7nad_I|Q07896|IG	7nad_G|P17076|IG
7nkb_G|A0R201|GC	7nkb_C|A0R202|GC
7nkl_d|A0R203|dC	7nkl_C|A0R202|dC
7nkl_d|A0R203|dD=dE	7nkl_D|A0R200|dD=dE
7nuf_A|P42224|AC	7nuf_C|P17356|AC
7nvv_2|Q92759|2W	7nvv_W|P29083|2W
7nvv_7|P19447|7W	7nvv_W|P29083|7W
7o3e_L|Q9CZ13|LP	7o3e_P|Q9CR68|LP
7o3j_A|O50337|AC	7o3j_C|O50334|AC
7o4k_G|P34087|GF	7o4k_F|P20435|GF
7o6n_A|Q20057|AC=AD	7o6n_C|O76616|AC=AD
7oe2_A|D0LZ74|A1	7oe2_1|D0LZ73|A1
7of0_8|Q9NQ50|8m	7of0_m|Q7Z7F7|8m
7oj9_A|Q9Y5X1|AB	7oj9_B|Q306W6|AB
7os1_B|O75643|BF	7os1_F|O75554|BF
7ose_A|P26459|AC	7ose_C|P24244|AC
7ovc_A|Q9Y3C8|AB	7ovc_B|Q9GZZ9|AB
7oxy_A|A0LU48|AB	7oxy_B|A0LU49|AB
7pkq_y|A8JI15|yu	7pkq_u|A8J1A6|yu
7pno_A|Q9IK91|AB	7pno_B|Q9IK92|AB
7q3l_A|O75533|Ap	7q3l_p|Q7L014|Ap
7qdw_A|Q8I2Y4|AB	7qdw_B|Q8IK99|AB
7qhm_A|Q79VE8|AM	7qhm_M|P42461|AM
7qhm_H|Q8NMB4|HM	7qhm_M|P42461|HM
7qoh_B|A0A385DVU6|Bl	7qoh_l|A0A385DT68|Bl
7qoj_I|A0A385DVM6|IK=IL	7qoj_K|A0A385DVT1|IK=IL
7qqy_A|P53242|AB	7qqy_B|P38167|AB
7r4f_N|P03892|NY	7r4f_Y|Q8HXG6|NY
7r4g_h|Q02380|hY	7r4g_Y|Q8HXG6|hY
7r5v_O|Q9BU64|OR	7r5v_R|Q13352|OR
7r72_n|P53261|nt	7r72_t|P40693|nt
7roy_A|Q9Z2G0|AG	7roy_G|Q68FD7|AG
7ryc_O|P30559|OL	7ryc_L|P01178|OL
7s2t_A|Q1D6H4|AF	7s2t_F|Q1D6H3|AF
7sfy_A|Q9NYP9|AF	7sfy_F|O43482|AF
7shl_A|Q6PCF2|AR	7shl_R|A0A1L8GNJ6|AR
7sid_A|Q13315|AB	7sid_B|O60934|AB
7skl_C|P81177|CF	7skl_F|P82176|CF
7sud_A|P78527|AC	7sud_C|P13010|AC
7tlj_B|Q02760|BH	7tlj_H|P16536|BH
7u6v_A|Q7DI68|AP	7u6v_P|P05317|AP
7ufg_A|Q13219|AC	7ufg_C|P24593|AC
7uqj_A|P40340|AG	7uqj_G|P61830|AG
7v8l_C|P0ADC3|CA	7v8l_A|P69411|CA
7v9m_R|Q9HB45|RP	7v9m_P|P01286|RP
7vfi_A|Q9JJ59|AC	7vfi_C|P68433|AC
7vfu_A|Q00975|AE	7vfu_E|P05484|AE
7vy8_B|A0A287BDC0|BW	7vy8_W|A0A8D1NRT6|BW
7w64_A|P23476|AG=AH	7w64_G|P0C6Q5|AG=AH
7weg_A|E9Q9W7|AD	7weg_D|Q3USJ8|AD
7wek_A|Q8CGF6|AC=AD	7wek_C|Q80VC9|AC=AD
7wq3_R|P47211|RL	7wq3_L|P22466|RL
7wq4_R|O43603|RL	7wq4_L|P22466|RL
7wts_J|P46781|Je	7wts_e|P62861|Je
7xhn_K|Q9BS16|Ko	7xhn_o|Q9BU64|Ko
7xpk_A|B9EY07|AB	7xpk_B|Q6K4E6|AB
7xva_A|P49116|AB	7xva_B|C9JGY8|AB
7y04_B|P11499|BE	7y04_E|P30561|BE
7y3f_F|P58564|FX	7y3f_X|P58566|FX
7y8w_A|Q22799|AE=AF	7y8w_E|C6KRN1|AE=AF
7yc2_A|Q9C0D3|AF=AG	7yc2_F|A0A663DJA2|AF=AG
7yj4_R|Q8TDU9|RA=RB	7yj4_A|Q9Y5Q6|RA=RB
7yjm_D|Q9C5I0|DE	7yjm_E|Q94IB8|DE
7ykd_A|Q99788|AL	7ykd_L|Q99969|AL
7ymi_C|B0C1V7|CT	7ymi_T|B0C605|CT
7ymi_Z|B0C0S7|ZY	7ymi_Y|A0AAJ6N611|ZY
7ynj_A|P31639|AB	7ynj_B|Q13113|AB
7yon_R|P49146|RL	7yon_L|P10082|RL
7z4a_A|A0A0B4N231|AO=AS	7z4a_O|A0A0B4N0B9|AO=AS
7zbw_C|Q13616|CR	7zbw_R|P62877|CR
7zqi_A|O98187|AF	7zqi_F|Q9KT74|AF
7zwa_A|P12956|AC	7zwa_C|Q9BUH6|AC
8a3t_A|P53068|AS	8a3t_S|P34244|AS
8ai2_A|Q45595|AC	8ai2_C|Q45596|AC
8anv_A|A0A1P8CWW1|AC=AF	8anv_C|A0A1P8CWW2|AC=AF
8ati_A|P56545|Aa	8ati_a|Q9Y5P3|Aa
8bed_R|Q9M9M6|RI	8bed_I|Q42599|RI
8bep_B|Q42290|BD	8bep_D|Q94JS0|BD
8bft_A|P30177|AB	8bft_B|P42641|AB
8brh_A|Q6CMY7|AB	8brh_B|P19524|AB
8c3h_A|A4TVL0|AD	8c3h_D|P05067|AD
8csp_B|Q9Y399|BQ	8csp_Q|P82921|BQ
8csp_G|P82933|GQ	8csp_Q|P82921|GQ
8csp_W|Q9Y2Q9|WQ	8csp_Q|P82921|WQ
8djq_A|G7CIP4|AE	8djq_E|P9WNT7|AE
8dwc_R|Q96LB2|RA	8dwc_A|P01211|RA
8e2c_A|Q2FYI5|AC	8e2c_C|Q2G2X6|AC
8egt_A|A0A1S6L1I0|AE	8egt_E|A0A1S6L1I6|AE
8eqs_A|P59632|AD	8eqs_D|P02647|AD
8euy_o|O74978|ot	8euy_t|P17937|ot
8f7s_D|P41143|DF	8f7s_F|P63096|DF
8g94_A|P21453|AF	8g94_F|Q07108|AF
8ghm_A|P32479|AJ	8ghm_J|P47171|AJ
8gu7_A|Q8CDJ3|AD	8gu7_D|A8MW95|AD
8h2u_H|P13352|HI	8h2u_I|A8IFG7|HI
8hcx_C|P24530|CD	8hcx_D|P05305|CD
8hib_A|P81877|AD	8hib_D|Q9BRQ0|AD
8hib_V|Q86U70|VD	8hib_D|Q9BRQ0|VD
8iaq_d|Q9CQ54|dX	8iaq_X|Q9DCJ5|dX
8iaq_e|Q99LY9|eX	8iaq_X|Q9DCJ5|eX
8imx_K|Q92643|KD	8imx_D|Q9BZM5|KD
8imz_A|E2JF22|AD	8imz_D|Q8BX65|AD
8j5k_M|A0A679C2A0|MT	8j5k_T|A0A679C6E6|MT
8jav_A|Q92624|AS	8jav_S|Q13084|AS
8jj9_A|Q658Y4|AC	8jj9_C|Q9NUY8|AC
8jmj_A|O25759|AM	8jmj_M|O25758|AM
8jzd_A|P0AF26|AB	8jzd_B|P09152|AB
8kcv_A|Q6I7L1|AC	8kcv_C|Q9Q0U9|AC
8ovc_H|A0R052|Hc	8ovc_c|A0QQQ1|Hc
8p7l_J|P50613|JH	8p7l_H|P51948|JH
8pbc_A|Q06609|AU	8pbc_U|P51587|AU
8pde_A|Q05BX2|AX	8pde_X|P56524|AX
8phe_A|Q9H845|AC=AD	8phe_C|Q9BQ95|AC=AD
8pk6_C|Q9NVM9|CD	8pk6_D|Q8N720|CD
8qau_B|P33895|BE	8qau_E|P53267|BE
8qca_B|P17883|BE	8qca_E|Q08491|BE
8qns_A|Q9Z0X1|AM	8qns_M|Q8VEA4|AM
8qqf_A|Q9NUY8|AB	8qqf_B|O14662|AB
8qu9_A|P02794|AB	8qu9_B|Q13772|AB
8r64_B|Q6PIW4|BG	8r64_G|Q06609|BG
8r6f_k|W5E2W7|kh	8r6f_h|A0A3B5XY60|kh
8rbm_A|C1DMA8|AB	8rbm_B|C1DMA7|AB
8rbm_C|C1DMA6|Cb	8rbm_b|C1DMA7|Cb
8rgh_C|Q8WVS4|CE	8rgh_E|Q8TCX1|CE
8rpz_T|P0ADZ0|Tx	8rpz_x|Q06602|Tx
8rxb_A|Q92900|AB	8rxb_B|Q86US8|AB
8s9i_A|P32270|AG	8s9i_G|P03695|AG
8sao_B|A0A6H0TJ16|BA	8sao_A|A0A7U1BAR4|BA
8sg8_E|P48643|EN	8sg8_N|O14775|EN
8siu_A|A0A140UHX1|AB	8siu_B|Q75PQ8|AB
8smr_J|Q9HVY6|JL	8smr_L|Q9HTQ4|JL
8sr6_A|Q5ZUS4|AB	8sr6_B|Q6NXT2|AB
8t0p_A|P53298|AC	8t0p_C|P36012|AC
8t0p_B|P38313|BC	8t0p_C|P36012|BC
8t19_A|U5Q0A7|AB	8t19_B|U5Q0A5|AB
8t1l_C|Q921D4|C9	8t1l_9|Q5SWW4|C9
8t4e_A|Q03518|AC	8t4e_C|P04585|AC
8tee_B|Q8CIB5|BD	8tee_D|P09055|BD
8tfu_A|P03698|AC=AD	8tfu_C|P28044|AC=AD
8tg9_A|P16066|AC	8tg9_C|P01160|AC
8tl6_B|Q96JK2|BE	8tl6_E|Q9BW61|BE
8ttt_A|Q96L92|AB	8ttt_B|Q641Q2|AB
8twe_B|P63151|BC	8twe_C|P67775|BC
8twe_B|P63151|BD	8twe_D|Q96E09|BD
8twi_C|P67775|CD	8twi_D|Q96E09|CD
8uc6_B|Q9Y6W3|BE	8uc6_E|P53990|BE
8uha_V|Q8WX92|VX	8uha_X|P18615|VX
8v9q_A|O08912|AD=AH	8v9q_D|P98088|AD=AH
8w2o_Q|P40204|QI	8w2o_I|Q07508|QI
8wb4_F|A0A222AI51|FJ	8wb4_J|A0A222AI54|FJ
8wgo_A|A0A0H2ZMF7|AC	8wgo_C|A0A0B7LTC5|AC
8wss_R|Q99705|RL	8wss_L|P20382|RL
8wst_R|Q969V1|RL	8wst_L|P20382|RL
8wu8_A|Q99638|AD	8wu8_D|Q9BSD3|AD
8wx5_A|Q8N697|AB	8wx5_B|Q9HAI6|AB
8wxe_n|P0CF51|nb	8wxe_b|P20963|nb
8wy0_e|P07766|ea	8wy0_a|P20963|ea
8wz2_R|Q96P65|RL	8wz2_L|Q8CE23|RL
8x52_B|P49768|BE	8x52_E|P05067|BE
8x8l_R|P35346|RC	8x8l_C|O00230|RC
8xr6_A|A0A222AI41|AF	8xr6_F|A0A222AI51|AF
8xzg_R|P35414|RL	8xzg_L|Q9ULZ1|RL
8ym2_A|Q8BIZ1|AB	8ym2_B|Q9QUH6|AB
8zlz_B|Q8YXC3|BD	8zlz_D|Q8YYI1|BD
8zps_R|P49683|RL	8zps_L|P81277|RL
9b0b_A|Q96CV9|AG	9b0b_G|Q96EP0|AG
9bd3_A|P43358|AB	9bd3_B|Q9NS91|AB
